Url;Zestimate;Price;Rent Zestimate;Days On Zillow;Bathrooms;Bedrooms;Living Area;Lot Size;Home Type;Street Address;City;Zip;State;Country;Broker Name;Has 3D Model;Has Image;Has Video;isZillowOwned;sgapt;statusText;statusType,Unnamed: 1
https://www.zillow.com/homedetails/8198-Uphill-Rd-Joshua-Tree-CA-92252/111061445_zpid/;;18000000;2435;Not specified;4;3;5470;;SINGLE_FAMILY;8198 Uphill Rd;Joshua Tree;92252;CA;USA;AKGRE Inc;FALSO;VERDADERO;FALSO;FALSO;For Sale (Broker);House for sale;FOR_SALE,
https://www.zillow.com/homedetails/4757-Avenida-La-Espana-Daga-Joshua-Tree-CA-92252/2068547002_zpid/;223200;399990;1786;Not specified;2;3;1056;;SINGLE_FAMILY;4757 Avenida La Espana Daga;Joshua Tree;92252;CA;USA;Champion Realty;FALSO;VERDADERO;FALSO;FALSO;For Sale (Broker);House for sale;FOR_SALE,
https://www.zillow.com/homedetails/61018-Prescott-Trl-Joshua-Tree-CA-92252/17493731_zpid/;568947;575000;2300;Not specified;2;3;1577;;SINGLE_FAMILY;61018 Prescott Trl;Joshua Tree;92252;CA;USA;BHG Desert Lifestyle Properties;VERDADERO;VERDADERO;VERDADERO;FALSO;For Sale (Broker);House for sale;FOR_SALE,
https://www.zillow.com/homedetails/61875-Anaconda-Dr-Joshua-Tree-CA-92252/17494677_zpid/;851656;899000;4798;Not specified;2;3;1434;;SINGLE_FAMILY;61875 Anaconda Dr;Joshua Tree;92252;CA;USA;Cherie Miller & Assoc.;FALSO;VERDADERO;FALSO;FALSO;For Sale (Broker);House for sale;FOR_SALE,
https://www.zillow.com/homedetails/61879-Petunia-Dr-Joshua-Tree-CA-92252/17500696_zpid/;;369900;1825;Not specified;1;3;1040;;SINGLE_FAMILY;61879 Petunia Dr;Joshua Tree;92252;CA;USA;Cherie Miller & Assoc.;FALSO;VERDADERO;FALSO;FALSO;For Sale (Broker);House for sale;FOR_SALE,
https://www.zillow.com/homedetails/7201-Demesne-Rd-Joshua-Tree-CA-92252/89163682_zpid/;388300;520000;2300;Not specified;2;4;1527;;SINGLE_FAMILY;7201 Demesne Rd;Joshua Tree;92252;CA;USA;NextHome Select Realtors;FALSO;VERDADERO;FALSO;FALSO;For Sale (Broker);House for sale;FOR_SALE,
https://www.zillow.com/homedetails/61854-Crest-Cir-Joshua-Tree-CA-92252/17500217_zpid/;392179;399000;1897;Not specified;2;3;1100;;SINGLE_FAMILY;61854 Crest Cir;Joshua Tree;92252;CA;USA;REAL BROKERAGE TECHNOLOGIES;FALSO;VERDADERO;FALSO;FALSO;For Sale (Broker);House for sale;FOR_SALE,
https://www.zillow.com/homedetails/61635-Adobe-Dr-Joshua-Tree-CA-92252/17499740_zpid/;361925;369000;1914;Not specified;2;3;1026;;SINGLE_FAMILY;61635 Adobe Dr;Joshua Tree;92252;CA;USA;Cherie Miller & Assoc.;FALSO;VERDADERO;FALSO;FALSO;For Sale (Broker);House for sale;FOR_SALE,
https://www.zillow.com/homedetails/60217-Sunny-Sands-Dr-Joshua-Tree-CA-92252/79553621_zpid/;628494;650000;2499;Not specified;2;3;1488;;SINGLE_FAMILY;60217 Sunny Sands Dr;Joshua Tree;92252;CA;USA;BRAXTON REAL ESTATE;FALSO;VERDADERO;FALSO;FALSO;For Sale (Broker);House for sale;FOR_SALE,
https://www.zillow.com/homedetails/65226-Broadway-St-Joshua-Tree-CA-92252/82895006_zpid/;391519;399000;1844;Not specified;2;3;1084;;SINGLE_FAMILY;65226 Broadway St;Joshua Tree;92252;CA;USA;Coldwell Banker Roadrunner;FALSO;VERDADERO;FALSO;FALSO;For Sale (Broker);House for sale;FOR_SALE,
https://www.zillow.com/homedetails/61756-Navajo-Trl-Joshua-Tree-CA-92252/17493875_zpid/;350000;350000;2214;Not specified;2;3;1756;;SINGLE_FAMILY;61756 Navajo Trl;Joshua Tree;92252;CA;USA;Joshua Tree Realty;FALSO;VERDADERO;FALSO;FALSO;For Sale (Broker);House for sale;FOR_SALE,
https://www.zillow.com/homedetails/4741-Avenida-Del-Sol-Joshua-Tree-CA-92252/17498651_zpid/;753106;769000;2901;Not specified;3;4;1871;;SINGLE_FAMILY;4741 Avenida Del Sol;Joshua Tree;92252;CA;USA;Backbeat Homes;VERDADERO;VERDADERO;FALSO;FALSO;For Sale (Broker);House for sale;FOR_SALE,
https://www.zillow.com/homedetails/7835-Conejo-Ave-Joshua-Tree-CA-92252/299169777_zpid/;1138900;1200000;4876;Not specified;3;3;1900;;SINGLE_FAMILY;7835 Conejo Ave;Joshua Tree;92252;CA;USA;Cherie Miller & Assoc.;FALSO;VERDADERO;FALSO;FALSO;New Construction;New construction;FOR_SALE,
https://www.zillow.com/homedetails/4851-Avenida-La-Manana-Joshua-Tree-CA-92252/17498700_zpid/;222420;224999;1853;Not specified;2;3;1120;;SINGLE_FAMILY;4851 Avenida La Manana;Joshua Tree;92252;CA;USA;CORCORAN GLOBAL LIVING;FALSO;VERDADERO;FALSO;FALSO;For Sale (Broker);House for sale;FOR_SALE,
https://www.zillow.com/homedetails/678-Polaris-Ave-Joshua-Tree-CA-92252/17508443_zpid/;541417;559900;3262;Not specified;3;3;1949;;SINGLE_FAMILY;678 Polaris Ave;Joshua Tree;92252;CA;USA;Yucca Valley Realty, Inc.;FALSO;VERDADERO;FALSO;FALSO;For Sale (Broker);House for sale;FOR_SALE
https://www.zillow.com/homedetails/63973-Gold-Nugget-Ave-Joshua-Tree-CA-92252/137802153_zpid/;1505009;1560000;1823;Not specified;3;3;1538;;SINGLE_FAMILY;63973 Gold Nugget Ave;Joshua Tree;92252;CA;USA;BHG Desert Lifestyle Properties;FALSO;VERDADERO;FALSO;FALSO;New Construction;New construction;FOR_SALE,
https://www.zillow.com/homedetails/60425-Alta-Mura-Dr-Joshua-Tree-CA-92252/17499567_zpid/;484500;489000;2999;Not specified;3;4;1850;;SINGLE_FAMILY;60425 Alta Mura Dr;Joshua Tree;92252;CA;USA;REALTY ONE GROUP EMPIRE;FALSO;VERDADERO;FALSO;FALSO;For Sale (Broker);House for sale;FOR_SALE,
https://www.zillow.com/homedetails/64827-3rd-St-S-Joshua-Tree-CA-92252/17501278_zpid/;320000;320000;1734;Not specified;2;3;1112;;SINGLE_FAMILY;64827 3rd St S;Joshua Tree;92252;CA;USA;BHG Desert Lifestyle Properties;FALSO;VERDADERO;FALSO;FALSO;For Sale (Broker);House for sale;FOR_SALE,
https://www.zillow.com/homedetails/61880-Valley-View-Cir-Joshua-Tree-CA-92252/17500268_zpid/;691000;691000;2425;Not specified;2;3;1909;;SINGLE_FAMILY;61880 Valley View Cir;Joshua Tree;92252;CA;USA;Berkshire Hathaway HomeServices;FALSO;VERDADERO;FALSO;FALSO;For Sale (Broker);House for sale;FOR_SALE,
https://www.zillow.com/homedetails/60184-Natoma-Trl-Joshua-Tree-CA-92252/17492899_zpid/;474600;475000;2268;Not specified;1;3;1363;;SINGLE_FAMILY;60184 Natoma Trl;Joshua Tree;92252;CA;USA;Homesmart Professionals;FALSO;VERDADERO;FALSO;FALSO;For Sale (Broker);House for sale;FOR_SALE,
https://www.zillow.com/homedetails/61415-Alta-Loma-Dr-Joshua-Tree-CA-92252/17493189_zpid/;739397;749000;2999;Not specified;3;3;1957;;SINGLE_FAMILY;61415 Alta Loma Dr;Joshua Tree;92252;CA;USA;Homesmart Professionals;FALSO;VERDADERO;FALSO;FALSO;For Sale (Broker);House for sale;FOR_SALE,
https://www.zillow.com/homedetails/62176-Highland-View-Dr-Joshua-Tree-CA-92252/17498320_zpid/;578800;949000;2570;Not specified;3;3;1600;;SINGLE_FAMILY;62176 Highland View Dr;Joshua Tree;92252;CA;USA;Sharon Rose Realty, Inc.;FALSO;VERDADERO;FALSO;FALSO;For Sale (Broker);House for sale;FOR_SALE
https://www.zillow.com/homedetails/61970-Petunia-Dr-Joshua-Tree-CA-92252/82902960_zpid/;450000;450000;1829;Not specified;2;3;1050;;SINGLE_FAMILY;61970 Petunia Dr;Joshua Tree;92252;CA;USA;Homesmart Professionals;FALSO;VERDADERO;FALSO;FALSO;For Sale (Broker);House for sale;FOR_SALE,
https://www.zillow.com/homedetails/7736-Elwood-St-Joshua-Tree-CA-92252/69004586_zpid/;517354;525000;2214;Not specified;2;3;1589;;SINGLE_FAMILY;7736 Elwood St;Joshua Tree;92252;CA;USA;Building Joshua Tree Real Estate;FALSO;VERDADERO;FALSO;FALSO;For Sale (Broker);House for sale;FOR_SALE,
https://www.zillow.com/homedetails/2651-Foxy-Flats-Rd-Joshua-Tree-CA-92252/17498298_zpid/;1016200;1100000;3211;Not specified;2;3;1968;;SINGLE_FAMILY;2651 Foxy Flats Rd;Joshua Tree;92252;CA;USA;Compass;FALSO;VERDADERO;FALSO;FALSO;For Sale (Broker);House for sale;FOR_SALE,
https://www.zillow.com/homedetails/60440-Granada-Dr-Joshua-Tree-CA-92252/17499523_zpid/;315001;315000;1935;Not specified;2;3;1144;;SINGLE_FAMILY;60440 Granada Dr;Joshua Tree;92252;CA;USA;Joshua Tree Realty;FALSO;VERDADERO;FALSO;FALSO;For Sale (Broker);House for sale;FOR_SALE,
https://www.zillow.com/homedetails/61464-Melton-Trl-Joshua-Tree-CA-92252/137789108_zpid/;1380952;1450000;1545;Not specified;3;3;1785;;SINGLE_FAMILY;61464 Melton Trl;Joshua Tree;92252;CA;USA;GARY CASMANO, BROKER;FALSO;VERDADERO;FALSO;FALSO;New Construction;New construction;FOR_SALE
https://www.zillow.com/homedetails/2838-Rice-Ave-Joshua-Tree-CA-92252/17501062_zpid/;424700;450000;3087;Not specified;3;3;2076;;SINGLE_FAMILY;2838 Rice Ave;Joshua Tree;92252;CA;USA;Cherie Miller & Assoc.;FALSO;VERDADERO;FALSO;FALSO;For Sale (Broker);House for sale;FOR_SALE,
https://www.zillow.com/homedetails/6315-El-Reposo-Cir-Joshua-Tree-CA-92252/17500501_zpid/;350900;355000;2434;Not specified;2;3;1600;;SINGLE_FAMILY;6315 El Reposo Cir;Joshua Tree;92252;CA;USA;REALTY ONE GROUP HOMELINK;FALSO;VERDADERO;FALSO;FALSO;For Sale (Broker);House for sale;FOR_SALE,
https://www.zillow.com/homedetails/3382-Center-Ave-Joshua-Tree-CA-92252/2060708859_zpid/;;2100000;;Not specified;3;3;2160;;SINGLE_FAMILY;3382 Center Ave;Joshua Tree;92252;CA;USA;Power Real Estate;FALSO;VERDADERO;FALSO;FALSO;New Construction;New construction;FOR_SALE,
https://www.zillow.com/homedetails/61727-Morningside-Rd-Joshua-Tree-CA-92252/17500544_zpid/;332724;335000;1823;Not specified;2;3;1104;;SINGLE_FAMILY;61727 Morningside Rd;Joshua Tree;92252;CA;USA;BHG Desert Lifestyle Properties;VERDADERO;VERDADERO;FALSO;FALSO;For Sale (Broker);House for sale;FOR_SALE,
https://www.zillow.com/homedetails/7153-Olympic-Rd-Joshua-Tree-CA-92252/17499509_zpid/;573121;579000;1856;Not specified;2;3;1974;;SINGLE_FAMILY;7153 Olympic Rd;Joshua Tree;92252;CA;USA;ALPINE REALTY;FALSO;VERDADERO;FALSO;FALSO;New Construction;New construction;FOR_SALE,
https://www.zillow.com/homedetails/7037-Conejo-Ave-Joshua-Tree-CA-92252/17500112_zpid/;425274;430000;2499;Not specified;2;3;1880;;SINGLE_FAMILY;7037 Conejo Ave;Joshua Tree;92252;CA;USA;Cherie Miller & Assoc.;FALSO;VERDADERO;FALSO;FALSO;For Sale (Broker);House for sale;FOR_SALE,
https://www.zillow.com/homedetails/8080-Wesley-Rd-Joshua-Tree-CA-92252/17493032_zpid/;1395200;1495000;6627;Not specified;3;4;2100;;SINGLE_FAMILY;8080 Wesley Rd;Joshua Tree;92252;CA;USA;Joshua Tree Modern;FALSO;VERDADERO;FALSO;FALSO;For Sale (Broker);House for sale;FOR_SALE,
https://www.zillow.com/homedetails/885-Sungold-Ave-Joshua-Tree-CA-92252/2060845240_zpid/;;899000;;Not specified;4;3;1701;;SINGLE_FAMILY;885 Sungold Ave;Joshua Tree;92252;CA;USA;Sharon Rose Realty, Inc.;FALSO;VERDADERO;FALSO;FALSO;For Sale (Broker);House for sale;FOR_SALE
https://www.zillow.com/homedetails/4622-Avenida-La-Mirada-Trl-Joshua-Tree-CA-92252/17498572_zpid/;643025;650000;2437;Not specified;2;3;2046;;SINGLE_FAMILY;4622 Avenida La Mirada Trl;Joshua Tree;92252;CA;USA;Joshua Tree Realty;FALSO;VERDADERO;FALSO;FALSO;For Sale (Broker);House for sale;FOR_SALE,
https://www.zillow.com/homedetails/61745-Pueblo-Trl-Joshua-Tree-CA-92252/82921933_zpid/;599901;599900;2469;Not specified;2;4;1961;;SINGLE_FAMILY;61745 Pueblo Trl;Joshua Tree;92252;CA;USA;Redfin Corporation;VERDADERO;VERDADERO;FALSO;FALSO;For Sale (Broker);House for sale;FOR_SALE,
https://www.zillow.com/homedetails/61836-Grand-View-Cir-Joshua-Tree-CA-92252/82896400_zpid/;364770;369000;2469;Not specified;2;3;1350;;SINGLE_FAMILY;61836 Grand View Cir;Joshua Tree;92252;CA;USA;eXp Realty of California Inc;FALSO;VERDADERO;FALSO;FALSO;For Sale (Broker);House for sale;FOR_SALE,
https://www.zillow.com/homedetails/6715-Torres-Ave-Joshua-Tree-CA-92252/137799409_zpid/;906511;925000;2643;Not specified;2;3;1540;;SINGLE_FAMILY;6715 Torres Ave;Joshua Tree;92252;CA;USA;Compass;FALSO;VERDADERO;FALSO;FALSO;For Sale (Broker);House for sale;FOR_SALE,
https://www.zillow.com/homedetails/61426-Alta-Vista-Dr-Joshua-Tree-CA-92252/17499790_zpid/;430074;439999;2851;Not specified;2;3;1959;;SINGLE_FAMILY;61426 Alta Vista Dr;Joshua Tree;92252;CA;USA;I Heart Real Estate, Inc.;FALSO;VERDADERO;FALSO;FALSO;For Sale (Broker);House for sale;FOR_SALE
https://www.zillow.com/homedetails/6655-Cascade-Rd-Panorama-Heights-CA-92252/137803400_zpid/;858488;878000;2499;Not specified;2;3;1540;;SINGLE_FAMILY;6655 Cascade Rd;Panorama Heights;92252;CA;USA;Joshua Tree Modern;FALSO;VERDADERO;FALSO;FALSO;New Construction;New construction;FOR_SALE,
https://www.zillow.com/homedetails/60440-Alta-Mesa-Dr-Joshua-Tree-CA-92252/17499559_zpid/;584999;599995;1849;Not specified;2;3;1100;;SINGLE_FAMILY;60440 Alta Mesa Dr;Joshua Tree;92252;CA;USA;Joshua Tree Modern;FALSO;VERDADERO;FALSO;FALSO;For Sale (Broker);House for sale;FOR_SALE,
https://www.zillow.com/homedetails/6828-Hill-View-Rd-Joshua-Tree-CA-92252/17500015_zpid/;292172;299999;2329;Not specified;2;3;1215;;SINGLE_FAMILY;6828 Hill View Rd;Joshua Tree;92252;CA;USA;Joshua Tree Realty;FALSO;VERDADERO;FALSO;FALSO;For Sale (Broker);House for sale;FOR_SALE,
https://www.zillow.com/homedetails/61516-Valley-View-Dr-Joshua-Tree-CA-92252/17499999_zpid/;432400;435000;1649;Not specified;1;3;896;;SINGLE_FAMILY;61516 Valley View Dr;Joshua Tree;92252;CA;USA;EXP REALTY OF CALIFORNIA INC;FALSO;VERDADERO;FALSO;FALSO;For Sale (Broker);House for sale;FOR_SALE,
https://www.zillow.com/homedetails/62250-Campanula-St-Joshua-Tree-CA-92252/137797147_zpid/;493885;495000;3140;Not specified;2;3;1913;;SINGLE_FAMILY;62250 Campanula St;Joshua Tree;92252;CA;USA;Equity Union;FALSO;VERDADERO;FALSO;FALSO;For Sale (Broker);House for sale;FOR_SALE,
https://www.zillow.com/homedetails/4574-Avenida-Del-Sol-Joshua-Tree-CA-92252/17498611_zpid/;321428;325000;1808;Not specified;1;3;1056;;SINGLE_FAMILY;4574 Avenida Del Sol;Joshua Tree;92252;CA;USA;Joshua Tree Modern;FALSO;VERDADERO;FALSO;FALSO;For Sale (Broker);House for sale;FOR_SALE,
https://www.zillow.com/homedetails/62610-Belmont-St-Joshua-Tree-CA-92252/17500991_zpid/;903800;925000;3111;Not specified;2;3;2071;;SINGLE_FAMILY;62610 Belmont St;Joshua Tree;92252;CA;USA;Cherie Miller & Assoc.;FALSO;VERDADERO;FALSO;FALSO;For Sale (Broker);House for sale;FOR_SALE,
https://www.zillow.com/homedetails/62282-Dennis-Ave-Joshua-Tree-CA-92252/17498741_zpid/;663100;695000;4940;Not specified;3;3;2729;;SINGLE_FAMILY;62282 Dennis Ave;Joshua Tree;92252;CA;USA;Compass;FALSO;VERDADERO;VERDADERO;FALSO;For Sale (Broker);House for sale;FOR_SALE,
https://www.zillow.com/homedetails/60205-Latham-Trl-Joshua-Tree-CA-92252/69004514_zpid/;591369;599000;2300;Not specified;2;3;1590;;SINGLE_FAMILY;60205 Latham Trl;Joshua Tree;92252;CA;USA;Homequest Real Estate;FALSO;VERDADERO;FALSO;FALSO;For Sale (Broker);House for sale;FOR_SALE,
https://www.zillow.com/homedetails/61572-Calle-Del-Rio-Joshua-Tree-CA-92252/17498540_zpid/;435000;449000;2931;Not specified;2;4;1991;;SINGLE_FAMILY;61572 Calle Del Rio;Joshua Tree;92252;CA;USA;Cherie Miller & Assoc.;VERDADERO;VERDADERO;FALSO;FALSO;For Sale (Broker);House for sale;FOR_SALE,
https://www.zillow.com/homedetails/61729-Oleander-Dr-Joshua-Tree-CA-92252/17500720_zpid/;406100;419000;1764;Not specified;2;3;1100;;SINGLE_FAMILY;61729 Oleander Dr;Joshua Tree;92252;CA;USA;Cherie Miller & Assoc.;FALSO;VERDADERO;FALSO;FALSO;For Sale (Broker);House for sale;FOR_SALE,
https://www.zillow.com/homedetails/4334-Wren-Rd-Joshua-Tree-CA-92252/2070275900_zpid/;470200;875000;2300;Not specified;2;3;1280;;SINGLE_FAMILY;4334 Wren Rd;Joshua Tree;92252;CA;USA;Sharon Rose Realty, Inc.;FALSO;VERDADERO;FALSO;FALSO;For Sale (Broker);House for sale;FOR_SALE
https://www.zillow.com/homedetails/4590-Avenida-Del-Sol-Joshua-Tree-CA-92252/17498612_zpid/;565000;565000;1784;Not specified;1;3;985;;SINGLE_FAMILY;4590 Avenida Del Sol;Joshua Tree;92252;CA;USA;KASE Real Estate;FALSO;VERDADERO;FALSO;FALSO;For Sale (Broker);House for sale;FOR_SALE,
https://www.zillow.com/homedetails/7075-Sunny-Vista-Rd-Joshua-Tree-CA-92252/17499691_zpid/;593152;625000;3375;Not specified;3;3;1892;;SINGLE_FAMILY;7075 Sunny Vista Rd;Joshua Tree;92252;CA;USA;Cherie Miller & Assoc.;FALSO;VERDADERO;FALSO;FALSO;For Sale (Broker);House for sale;FOR_SALE,
https://www.zillow.com/homedetails/7837-Sunny-Vista-Rd-Joshua-Tree-CA-92252/17493735_zpid/;629823;645000;2570;Not specified;2;3;1923;;SINGLE_FAMILY;7837 Sunny Vista Rd;Joshua Tree;92252;CA;USA;TNG Real Estate Consultants;FALSO;VERDADERO;FALSO;FALSO;For Sale (Broker);House for sale;FOR_SALE,
https://www.zillow.com/homedetails/61471-El-Cajon-Dr-Joshua-Tree-CA-92252/17499848_zpid/;493629;499999;1864;Not specified;2;3;1056;;SINGLE_FAMILY;61471 El Cajon Dr;Joshua Tree;92252;CA;USA;KEN SCOTT REAL ESTATE;FALSO;VERDADERO;FALSO;FALSO;For Sale (Broker);House for sale;FOR_SALE,
https://www.zillow.com/homedetails/61530-Sandalwood-Trl-Joshua-Tree-CA-92252/17493269_zpid/;617900;610000;2999;Not specified;4;3;2000;;SINGLE_FAMILY;61530 Sandalwood Trl;Joshua Tree;92252;CA;USA;Capitis Real Estate;FALSO;VERDADERO;FALSO;FALSO;For Sale (Broker);House for sale;FOR_SALE,
https://www.zillow.com/homedetails/63576-4th-St-S-Joshua-Tree-CA-92252/2111174280_zpid/;;439999;1844;Not specified;1;4;1096;;SINGLE_FAMILY;63576 4th St S;Joshua Tree;92252;CA;USA;Coldwell Banker Roadrunner;FALSO;VERDADERO;FALSO;FALSO;For Sale (Broker);House for sale;FOR_SALE,
https://www.zillow.com/homedetails/7895-Sunset-Rd-Joshua-Tree-CA-92252/17493861_zpid/;660019;689900;2211;Not specified;2;3;1696;;SINGLE_FAMILY;7895 Sunset Rd;Joshua Tree;92252;CA;USA;Triad, REALTORSÂ® Yucca Valley;FALSO;VERDADERO;FALSO;FALSO;For Sale (Broker);House for sale;FOR_SALE
https://www.zillow.com/homedetails/7696-Elwood-St-Joshua-Tree-CA-92252/17493854_zpid/;636458;650000;4623;Not specified;4;3;3148;;SINGLE_FAMILY;7696 Elwood St;Joshua Tree;92252;CA;USA;Malbec Realty;FALSO;VERDADERO;FALSO;FALSO;For Sale (Broker);House for sale;FOR_SALE,
https://www.zillow.com/homedetails/61931-Oleander-Dr-Joshua-Tree-CA-92252/82906514_zpid/;365600;398000;2084;Not specified;2;3;1296;;SINGLE_FAMILY;61931 Oleander Dr;Joshua Tree;92252;CA;USA;Tri-Valley Realty;FALSO;VERDADERO;FALSO;FALSO;Foreclosure;Foreclosure;FOR_SALE,
https://www.zillow.com/homedetails/62831-Overhill-Rd-Joshua-Tree-CA-92252/17495043_zpid/;879000;1100000;3063;Not specified;4;4;1980;;SINGLE_FAMILY;62831 Overhill Rd;Joshua Tree;92252;CA;USA;Joshua Tree Modern;FALSO;VERDADERO;FALSO;FALSO;For Sale (Broker);House for sale;FOR_SALE,
https://www.zillow.com/homedetails/3034-Center-Ave-Joshua-Tree-CA-92252/82897011_zpid/;513400;550000;2939;Not specified;2;3;1872;;SINGLE_FAMILY;3034 Center Ave;Joshua Tree;92252;CA;USA;Joshua Tree Modern;FALSO;VERDADERO;FALSO;FALSO;For Sale (Broker);House for sale;FOR_SALE,
https://www.zillow.com/homedetails/65057-Venus-St-Joshua-Tree-CA-92252/17508612_zpid/;303600;319000;1669;Not specified;2;4;1176;;SINGLE_FAMILY;65057 Venus St;Joshua Tree;92252;CA;USA;Dynasty Real Estate;FALSO;VERDADERO;FALSO;FALSO;For Sale (Broker);House for sale;FOR_SALE,
https://www.zillow.com/homedetails/61766-Pueblo-Trl-Joshua-Tree-CA-92252/82900893_zpid/;577485;599000;2300;Not specified;2;3;1524;;SINGLE_FAMILY;61766 Pueblo Trl;Joshua Tree;92252;CA;USA;Capitis Real Estate;FALSO;VERDADERO;FALSO;FALSO;For Sale (Broker);House for sale;FOR_SALE,
https://www.zillow.com/homedetails/7070-Stoney-Crest-Dr-Joshua-Tree-CA-92252/2069748114_zpid/;;1100000;;Not specified;4;4;2678;;SINGLE_FAMILY;7070 Stoney Crest Dr;Joshua Tree;92252;CA;USA;Keller Williams Realty;FALSO;VERDADERO;FALSO;FALSO;For Sale (Broker);House for sale;FOR_SALE,
https://www.zillow.com/homedetails/61700-W-Pkwy-Joshua-Tree-CA-92252/2067247024_zpid/;;350000;;Not specified;2;3;973;;SINGLE_FAMILY;61700 W Pkwy;Joshua Tree;92252;CA;USA;Joshua Tree Modern;FALSO;VERDADERO;FALSO;FALSO;For Sale (Broker);House for sale;FOR_SALE,
https://www.zillow.com/homedetails/64275-Orion-Dr-Joshua-Tree-CA-92252/137816642_zpid/;819349;849000;3140;Not specified;4;3;1700;;SINGLE_FAMILY;64275 Orion Dr;Joshua Tree;92252;CA;USA;Sharon Rose Realty, Inc.;FALSO;VERDADERO;FALSO;FALSO;For Sale (Broker);House for sale;FOR_SALE
https://www.zillow.com/homedetails/64873-Chollita-Rd-Joshua-Tree-CA-92252/17501223_zpid/;331900;399995;1853;Not specified;1;3;1080;;SINGLE_FAMILY;64873 Chollita Rd;Joshua Tree;92252;CA;USA;REALTY ONE GROUP HOMELINK;FALSO;VERDADERO;FALSO;FALSO;For Sale (Broker);House for sale;FOR_SALE,
https://www.zillow.com/homedetails/62036-Bonair-Rd-Joshua-Tree-CA-92252/82920089_zpid/;400438;413000;2400;Not specified;2;3;1386;;SINGLE_FAMILY;62036 Bonair Rd;Joshua Tree;92252;CA;USA;Sotheby's International Realty;FALSO;VERDADERO;FALSO;FALSO;For Sale (Broker);House for sale;FOR_SALE,
https://www.zillow.com/homedetails/7320-Sherwood-Rd-Joshua-Tree-CA-92252/17492889_zpid/;850155;879000;2398;Not specified;2;3;1700;;SINGLE_FAMILY;7320 Sherwood Rd;Joshua Tree;92252;CA;USA;Joshua Tree Modern;FALSO;VERDADERO;FALSO;FALSO;For Sale (Broker);House for sale;FOR_SALE,
https://www.zillow.com/homedetails/0-Sunfair-Rd-Joshua-Tree-CA-92252/2122899357_zpid/;;1800000;3499;Not specified;4;4;2200;;SINGLE_FAMILY;0 Sunfair Rd;Joshua Tree;92252;CA;USA;Berkshire Hathaway HomeService;FALSO;VERDADERO;FALSO;FALSO;New Construction;New construction;FOR_SALE,
https://www.zillow.com/homedetails/7160-Olympic-Rd-Joshua-Tree-CA-92252/137799496_zpid/;;850000;4500;Not specified;3;4;2600;;SINGLE_FAMILY;7160 Olympic Rd;Joshua Tree;92252;CA;USA;Keller Williams Realty;FALSO;VERDADERO;FALSO;FALSO;For Sale (Broker);House for sale;FOR_SALE,
https://www.zillow.com/homedetails/58176-Desert-Gold-Dr-Yucca-Valley-CA-92284/17493963_zpid/;526300;539000;3649;Not specified;3;3;2436;;SINGLE_FAMILY;58176 Desert Gold Dr;Yucca Valley;92284;CA;USA;Cherie Miller & Assoc.;FALSO;VERDADERO;FALSO;FALSO;For Sale (Broker);House for sale;FOR_SALE,
https://www.zillow.com/homedetails/9025-Warren-Vista-Ave-Yucca-Valley-CA-92284/17494584_zpid/;890416;949000;3058;Not specified;4;4;3542;;SINGLE_FAMILY;9025 Warren Vista Ave;Yucca Valley;92284;CA;USA;Malbec Realty;FALSO;VERDADERO;VERDADERO;FALSO;For Sale (Broker);House for sale;FOR_SALE,
https://www.zillow.com/homedetails/57557-Sunny-Slope-Dr-Yucca-Valley-CA-92284/17496248_zpid/;;459999;;Not specified;2;4;1940;;SINGLE_FAMILY;57557 Sunny Slope Dr;Yucca Valley;92284;CA;USA;Realty One Group United;FALSO;VERDADERO;FALSO;FALSO;For Sale (Broker);House for sale;FOR_SALE,
https://www.zillow.com/homedetails/56276-Breezy-Ln-Yucca-Valley-CA-92284/17497239_zpid/;487707;499900;3234;Not specified;2;3;1632;;SINGLE_FAMILY;56276 Breezy Ln;Yucca Valley;92284;CA;USA;Harcourts Prime Properties;FALSO;VERDADERO;FALSO;FALSO;For Sale (Broker);House for sale;FOR_SALE,
https://www.zillow.com/homedetails/4343-Avalon-Ave-Yucca-Valley-CA-92284/69004775_zpid/;558100;659000;3195;Not specified;3;3;2010;;SINGLE_FAMILY;4343 Avalon Ave;Yucca Valley;92284;CA;USA;Power Real Estate;FALSO;VERDADERO;FALSO;FALSO;For Sale (Broker);House for sale;FOR_SALE,
https://www.zillow.com/homedetails/7552-Cardillo-Trl-Yucca-Valley-CA-92284/17491230_zpid/;543600;749000;2922;Not specified;3;3;1678;;SINGLE_FAMILY;7552 Cardillo Trl;Yucca Valley;92284;CA;USA;Equity Union;FALSO;VERDADERO;FALSO;FALSO;For Sale (Broker);House for sale;FOR_SALE,
https://www.zillow.com/homedetails/7433-Dumosa-Ave-Yucca-Valley-CA-92284/17491730_zpid/;330100;349900;2300;Not specified;2;3;1404;;SINGLE_FAMILY;7433 Dumosa Ave;Yucca Valley;92284;CA;USA;Cherie Miller & Assoc.;FALSO;VERDADERO;FALSO;FALSO;For Sale (Broker);House for sale;FOR_SALE,
https://www.zillow.com/homedetails/54610-Primavera-Dr-Yucca-Valley-CA-92284/17491243_zpid/;382154;389000;1999;Not specified;2;3;1218;;SINGLE_FAMILY;54610 Primavera Dr;Yucca Valley;92284;CA;USA;Sharon Rose Realty, Inc.;FALSO;VERDADERO;FALSO;FALSO;For Sale (Broker);House for sale;FOR_SALE
https://www.zillow.com/homedetails/8552-Taft-Ct-Yucca-Valley-CA-92284/17490325_zpid/;467500;530000;2710;Not specified;3;3;2134;;SINGLE_FAMILY;8552 Taft Ct;Yucca Valley;92284;CA;USA;BHG Desert Lifestyle Properties;VERDADERO;VERDADERO;FALSO;FALSO;For Sale (Broker);House for sale;FOR_SALE,
https://www.zillow.com/homedetails/56834-Navajo-Trl-Yucca-Valley-CA-92284/17492677_zpid/;359223;370000;1999;Not specified;2;3;1302;;SINGLE_FAMILY;56834 Navajo Trl;Yucca Valley;92284;CA;USA;BHG Desert Lifestyle Properties;VERDADERO;VERDADERO;FALSO;FALSO;For Sale (Broker);House for sale;FOR_SALE,
https://www.zillow.com/homedetails/7120-Emerson-Ave-Yucca-Valley-CA-92284/17499303_zpid/;484952;484950;2394;Not specified;2;4;1784;;SINGLE_FAMILY;7120 Emerson Ave;Yucca Valley;92284;CA;USA;Fiv Realty Co;FALSO;VERDADERO;FALSO;FALSO;For Sale (Broker);House for sale;FOR_SALE,
https://www.zillow.com/homedetails/5088-Elata-Ave-Yucca-Valley-CA-92284/17496742_zpid/;684150;699000;3034;Not specified;3;3;1929;;SINGLE_FAMILY;5088 Elata Ave;Yucca Valley;92284;CA;USA;Cherie Miller & Assoc.;FALSO;VERDADERO;FALSO;FALSO;For Sale (Broker);House for sale;FOR_SALE,
https://www.zillow.com/homedetails/58574-Buena-Vista-Dr-Yucca-Valley-CA-92284/17497443_zpid/;424900;424900;2528;Not specified;2;3;1396;;SINGLE_FAMILY;58574 Buena Vista Dr;Yucca Valley;92284;CA;USA;The Glen Realty;FALSO;VERDADERO;FALSO;FALSO;For Sale (Broker);House for sale;FOR_SALE,
https://www.zillow.com/homedetails/58872-Meredith-Ct-Yucca-Valley-CA-92284/79560997_zpid/;599999;599999;2999;Not specified;2;4;1885;;SINGLE_FAMILY;58872 Meredith Ct;Yucca Valley;92284;CA;USA;Century 21 Allstars;FALSO;VERDADERO;FALSO;FALSO;For Sale (Broker);House for sale;FOR_SALE,
https://www.zillow.com/homedetails/57845-San-Andreas-Rd-Yucca-Valley-CA-92284/69004646_zpid/;769526;795000;3399;Not specified;3;4;2351;;SINGLE_FAMILY;57845 San Andreas Rd;Yucca Valley;92284;CA;USA;Cherie Miller & Assoc.;FALSO;VERDADERO;FALSO;FALSO;For Sale (Broker);House for sale;FOR_SALE,
https://www.zillow.com/homedetails/57439-Saint-Marys-Dr-Yucca-Valley-CA-92284/69004693_zpid/;479000;479000;2570;Not specified;2;4;1711;;SINGLE_FAMILY;57439 Saint Marys Dr;Yucca Valley;92284;CA;USA;Cherie Miller & Assoc.;FALSO;VERDADERO;FALSO;FALSO;For Sale (Broker);House for sale;FOR_SALE,
https://www.zillow.com/homedetails/1426-Hilton-Ave-Yucca-Valley-CA-92284/17508214_zpid/;295295;299000;2499;Not specified;2;3;1428;;SINGLE_FAMILY;1426 Hilton Ave;Yucca Valley;92284;CA;USA;Dynasty Real Estate;FALSO;VERDADERO;FALSO;FALSO;For Sale (Broker);House for sale;FOR_SALE,
https://www.zillow.com/homedetails/7641-Warren-Vista-Ave-Yucca-Valley-CA-92284/17492787_zpid/;554400;690000;4859;Not specified;3;5;3551;;SINGLE_FAMILY;7641 Warren Vista Ave;Yucca Valley;92284;CA;USA;ALTICORE REALTY;FALSO;VERDADERO;FALSO;FALSO;For Sale (Broker);House for sale;FOR_SALE,
https://www.zillow.com/homedetails/7650-Rockaway-Ave-Yucca-Valley-CA-92284/137784592_zpid/;485469;489000;3211;Not specified;2;4;1948;;SINGLE_FAMILY;7650 Rockaway Ave;Yucca Valley;92284;CA;USA;Parent Realty;FALSO;VERDADERO;FALSO;FALSO;New Construction;New construction;FOR_SALE,
https://www.zillow.com/homedetails/59325-Canterbury-St-Yucca-Valley-CA-92284/337970706_zpid/;521030;525000;1794;Not specified;2;4;1948;;SINGLE_FAMILY;59325 Canterbury St;Yucca Valley;92284;CA;USA;Parent Realty;FALSO;VERDADERO;FALSO;FALSO;New Construction;New construction;FOR_SALE,
https://www.zillow.com/homedetails/56808-Kismet-Rd-Yucca-Valley-CA-92284/17490185_zpid/;450002;450000;2467;Not specified;2;3;1674;;SINGLE_FAMILY;56808 Kismet Rd;Yucca Valley;92284;CA;USA;Joshua Tree Modern;FALSO;VERDADERO;FALSO;FALSO;For Sale (Broker);House for sale;FOR_SALE,
https://www.zillow.com/homedetails/58250-Sierra-Vista-Dr-Yucca-Valley-CA-92284/17497576_zpid/;542300;549000;2055;Not specified;2;3;1392;;SINGLE_FAMILY;58250 Sierra Vista Dr;Yucca Valley;92284;CA;USA;KASE Real Estate;FALSO;VERDADERO;FALSO;FALSO;For Sale (Broker);House for sale;FOR_SALE,
https://www.zillow.com/homedetails/3990-Bonita-Ave-Yucca-Valley-CA-92284/17498131_zpid/;337900;337900;1764;Not specified;2;3;1056;;SINGLE_FAMILY;3990 Bonita Ave;Yucca Valley;92284;CA;USA;Oasis Realty Group Inc.;FALSO;VERDADERO;FALSO;FALSO;For Sale (Broker);House for sale;FOR_SALE,
https://www.zillow.com/homedetails/7478-Goleta-Ave-Yucca-Valley-CA-92284/17494348_zpid/;525004;525000;2199;Not specified;2;3;1508;;SINGLE_FAMILY;7478 Goleta Ave;Yucca Valley;92284;CA;USA;Compass;FALSO;VERDADERO;FALSO;FALSO;For Sale (Broker);House for sale;FOR_SALE,
https://www.zillow.com/homedetails/7632-Aster-Ave-Yucca-Valley-CA-92284/17491800_zpid/;299741;298000;1800;Not specified;2;3;1193;;SINGLE_FAMILY;7632 Aster Ave;Yucca Valley;92284;CA;USA;Cherie Miller & Assoc.;FALSO;VERDADERO;FALSO;FALSO;For Sale (Broker);House for sale;FOR_SALE,
https://www.zillow.com/homedetails/7463-Dumosa-Ave-Yucca-Valley-CA-92284/17491728_zpid/;380000;380000;2937;Not specified;3;3;1768;;SINGLE_FAMILY;7463 Dumosa Ave;Yucca Valley;92284;CA;USA;BHG Desert Lifestyle Properties;FALSO;VERDADERO;FALSO;FALSO;For Sale (Broker);House for sale;FOR_SALE,
https://www.zillow.com/homedetails/8582-Frontera-Ave-Yucca-Valley-CA-92284/17494235_zpid/;778642;799000;2350;Not specified;2;3;1815;;SINGLE_FAMILY;8582 Frontera Ave;Yucca Valley;92284;CA;USA;Fathom Realty Group, Inc.;FALSO;VERDADERO;FALSO;FALSO;For Sale (Broker);House for sale;FOR_SALE
https://www.zillow.com/homedetails/7685-Victoria-Ave-Yucca-Valley-CA-92284/17493882_zpid/;465400;465500;2675;Not specified;3;4;1900;;SINGLE_FAMILY;7685 Victoria Ave;Yucca Valley;92284;CA;USA;eXp Realty of California Inc;FALSO;VERDADERO;FALSO;FALSO;For Sale (Broker);House for sale;FOR_SALE,
https://www.zillow.com/homedetails/7621-Hanford-Ave-Yucca-Valley-CA-92284/17493657_zpid/;394700;395000;2214;Not specified;2;3;1564;;SINGLE_FAMILY;7621 Hanford Ave;Yucca Valley;92284;CA;USA;BHG Desert Lifestyle Properties;VERDADERO;VERDADERO;FALSO;FALSO;For Sale (Broker);House for sale;FOR_SALE,
https://www.zillow.com/homedetails/7629-Rockaway-Ave-Yucca-Valley-CA-92284/69004310_zpid/;764822;775000;3539;Not specified;2;3;2235;;SINGLE_FAMILY;7629 Rockaway Ave;Yucca Valley;92284;CA;USA;Cherie Miller & Assoc.;FALSO;VERDADERO;FALSO;FALSO;For Sale (Broker);House for sale;FOR_SALE,
https://www.zillow.com/homedetails/56814-Ivanhoe-Dr-Yucca-Valley-CA-92284/17489924_zpid/;347100;359000;2786;Not specified;2;3;1878;;SINGLE_FAMILY;56814 Ivanhoe Dr;Yucca Valley;92284;CA;USA;HomeSmart, Evergreen Realty;FALSO;VERDADERO;FALSO;FALSO;For Sale (Broker);House for sale;FOR_SALE
https://www.zillow.com/homedetails/7431-Condalia-Ave-Yucca-Valley-CA-92284/17491718_zpid/;385900;385900;2394;Not specified;2;3;1557;;SINGLE_FAMILY;7431 Condalia Ave;Yucca Valley;92284;CA;USA;Capitis Real Estate;FALSO;VERDADERO;FALSO;FALSO;For Sale (Broker);House for sale;FOR_SALE,
https://www.zillow.com/homedetails/56643-Kismet-Rd-Yucca-Valley-CA-92284/17490165_zpid/;449200;459900;2984;Not specified;2;3;2036;;SINGLE_FAMILY;56643 Kismet Rd;Yucca Valley;92284;CA;USA;Tri-Valley Realty;FALSO;VERDADERO;FALSO;FALSO;Foreclosure;Foreclosure;FOR_SALE,
https://www.zillow.com/homedetails/57085-Monticello-Ct-Yucca-Valley-CA-92284/2076022368_zpid/;;849000;;Not specified;3;3;2337;;SINGLE_FAMILY;57085 Monticello Ct;Yucca Valley;92284;CA;USA;BHG Desert Lifestyle Properties;FALSO;VERDADERO;FALSO;FALSO;For Sale (Broker);House for sale;FOR_SALE,
https://www.zillow.com/homedetails/7429-Chippewa-Trl-Yucca-Valley-CA-92284/17494407_zpid/;;508950;;Not specified;2;3;1862;;SINGLE_FAMILY;7429 Chippewa Trl;Yucca Valley;92284;CA;USA;ALL NATIONS REALTY & INVS;FALSO;VERDADERO;FALSO;FALSO;For Sale (Broker);House for sale;FOR_SALE,
https://www.zillow.com/homedetails/6372-Marvin-Dr-Yucca-Valley-CA-92284/17498932_zpid/;461682;475000;1993;Not specified;2;3;1553;;SINGLE_FAMILY;6372 Marvin Dr;Yucca Valley;92284;CA;USA;Backbeat Homes;VERDADERO;VERDADERO;FALSO;FALSO;For Sale (Broker);House for sale;FOR_SALE,
https://www.zillow.com/homedetails/57077-Selecta-Ave-Yucca-Valley-CA-92284/72653678_zpid/;486205;499000;2946;Not specified;3;4;2112;;SINGLE_FAMILY;57077 Selecta Ave;Yucca Valley;92284;CA;USA;HARVEST REALTY DEVELOPMENT;FALSO;VERDADERO;FALSO;FALSO;For Sale (Broker);House for sale;FOR_SALE,
https://www.zillow.com/homedetails/7354-Rubidoux-Ave-Yucca-Valley-CA-92284/69004550_zpid/;880671;900000;2400;Not specified;2;3;1764;;SINGLE_FAMILY;7354 Rubidoux Ave;Yucca Valley;92284;CA;USA;Compass;FALSO;VERDADERO;FALSO;FALSO;For Sale (Broker);House for sale;FOR_SALE,
https://www.zillow.com/homedetails/7399-Palomar-Ave-Yucca-Valley-CA-92284/17493337_zpid/;478372;489900;2350;Not specified;2;3;1530;;SINGLE_FAMILY;7399 Palomar Ave;Yucca Valley;92284;CA;USA;BHG Desert Lifestyle Properties;FALSO;VERDADERO;FALSO;FALSO;For Sale (Broker);House for sale;FOR_SALE,
https://www.zillow.com/homedetails/7361-Avalon-Ave-Yucca-Valley-CA-92284/17494121_zpid/;417903;425000;2264;Not specified;2;3;1444;;SINGLE_FAMILY;7361 Avalon Ave;Yucca Valley;92284;CA;USA;Coldwell Banker Roadrunner;FALSO;VERDADERO;FALSO;FALSO;For Sale (Broker);House for sale;FOR_SALE,
https://www.zillow.com/homedetails/9255-Fortuna-Ave-Yucca-Valley-CA-92284/17494936_zpid/;759634;769000;4711;Not specified;3;3;2801;;SINGLE_FAMILY;9255 Fortuna Ave;Yucca Valley;92284;CA;USA;KELLER WILLIAMS REALTY;FALSO;VERDADERO;FALSO;FALSO;For Sale (Broker);House for sale;FOR_SALE,
https://www.zillow.com/homedetails/8361-Amador-Ave-Yucca-Valley-CA-92284/69004304_zpid/;406500;399000;2926;Not specified;2;4;2123;;SINGLE_FAMILY;8361 Amador Ave;Yucca Valley;92284;CA;USA;Redfin Corporation;VERDADERO;VERDADERO;FALSO;FALSO;For Sale (Broker);House for sale;FOR_SALE,
https://www.zillow.com/homedetails/59624-Sunflower-Dr-Yucca-Valley-CA-92284/137797697_zpid/;779033;799900;1794;Not specified;3;3;1719;;SINGLE_FAMILY;59624 Sunflower Dr;Yucca Valley;92284;CA;USA;Coldwell Banker Roadrunner;FALSO;VERDADERO;FALSO;FALSO;New Construction;New construction;FOR_SALE,
https://www.zillow.com/homedetails/56594-Zuni-Trl-Yucca-Valley-CA-92284/17492303_zpid/;375128;385000;2300;Not specified;2;3;1396;;SINGLE_FAMILY;56594 Zuni Trl;Yucca Valley;92284;CA;USA;Cherie Miller & Assoc.;FALSO;VERDADERO;FALSO;FALSO;For Sale (Broker);House for sale;FOR_SALE,
https://www.zillow.com/homedetails/57355-Sierra-Way-Yucca-Valley-CA-92284/82907752_zpid/;549000;549000;3999;Not specified;2;3;2283;;SINGLE_FAMILY;57355 Sierra Way;Yucca Valley;92284;CA;USA;A + Realty & Mortgage;FALSO;VERDADERO;FALSO;FALSO;For Sale (Broker);House for sale;FOR_SALE,
https://www.zillow.com/homedetails/6531-Prescott-Ave-Yucca-Valley-CA-92284/94692143_zpid/;402974;409000;2499;Not specified;2;3;1352;;SINGLE_FAMILY;6531 Prescott Ave;Yucca Valley;92284;CA;USA;Sharon Rose Realty, Inc.;FALSO;VERDADERO;VERDADERO;FALSO;For Sale (Broker);House for sale;FOR_SALE
https://www.zillow.com/homedetails/57075-Farrelo-Ct-Yucca-Valley-CA-92284/17496846_zpid/;1092016;949000;2429;Not specified;2;4;1842;;SINGLE_FAMILY;57075 Farrelo Ct;Yucca Valley;92284;CA;USA;Malbec Realty;FALSO;VERDADERO;FALSO;FALSO;For Sale (Broker);House for sale;FOR_SALE,
https://www.zillow.com/homedetails/8210-Church-St-Yucca-Valley-CA-92284/17490128_zpid/;418600;479000;2907;Not specified;2;4;1820;;SINGLE_FAMILY;8210 Church St;Yucca Valley;92284;CA;USA;Revilo Realty, Inc.;FALSO;VERDADERO;FALSO;FALSO;Foreclosure;Foreclosure;FOR_SALE
https://www.zillow.com/homedetails/7422-Joshua-Ln-Yucca-Valley-CA-92284/17491723_zpid/;445500;445500;2199;Not specified;2;3;1812;;SINGLE_FAMILY;7422 Joshua Ln;Yucca Valley;92284;CA;USA;eXp Realty of California Inc;FALSO;VERDADERO;FALSO;FALSO;For Sale (Broker);House for sale;FOR_SALE,
https://www.zillow.com/homedetails/7575-Inca-Trl-Yucca-Valley-CA-92284/17490447_zpid/;365141;375000;2939;Not specified;2;4;2115;;SINGLE_FAMILY;7575 Inca Trl;Yucca Valley;92284;CA;USA;BHG Desert Lifestyle Properties;VERDADERO;VERDADERO;FALSO;FALSO;For Sale (Broker);House for sale;FOR_SALE,
https://www.zillow.com/homedetails/7060-Scarvan-Rd-Yucca-Valley-CA-92284/243180174_zpid/;492209;498000;3420;Not specified;3;4;2006;;SINGLE_FAMILY;7060 Scarvan Rd;Yucca Valley;92284;CA;USA;HomeSmart;FALSO;VERDADERO;FALSO;FALSO;For Sale (Broker);House for sale;FOR_SALE,
https://www.zillow.com/homedetails/55960-Onaga-Trl-Yucca-Valley-CA-92284/17490911_zpid/;277830;285000;1829;Not specified;1;3;750;;SINGLE_FAMILY;55960 Onaga Trl;Yucca Valley;92284;CA;USA;Good Deal Realty inc.;FALSO;VERDADERO;FALSO;FALSO;For Sale (Broker);House for sale;FOR_SALE,
https://www.zillow.com/homedetails/58783-Santa-Barbara-Dr-Yucca-Valley-CA-92284/17494986_zpid/;674473;699000;3240;Not specified;2;3;2809;;SINGLE_FAMILY;58783 Santa Barbara Dr;Yucca Valley;92284;CA;USA;Joshua Tree Modern;FALSO;VERDADERO;FALSO;FALSO;For Sale (Broker);House for sale;FOR_SALE,
https://www.zillow.com/homedetails/59156-Nelson-Ave-Yucca-Valley-CA-92284/17498915_zpid/;385000;385000;2669;Not specified;2;3;1723;;SINGLE_FAMILY;59156 Nelson Ave;Yucca Valley;92284;CA;USA;Reliance Real Estate Services;FALSO;VERDADERO;FALSO;FALSO;For Sale (Broker);House for sale;FOR_SALE,
https://www.zillow.com/homedetails/6328-Palo-Alto-Ave-Yucca-Valley-CA-92284/243182508_zpid/;778371;798000;2999;Not specified;2;3;1814;;SINGLE_FAMILY;6328 Palo Alto Ave;Yucca Valley;92284;CA;USA;Power Real Estate;FALSO;VERDADERO;FALSO;FALSO;For Sale (Broker);House for sale;FOR_SALE,
https://www.zillow.com/homedetails/9189-Del-Monte-Ave-Yucca-Valley-CA-92284/82900110_zpid/;1031378;899000;4659;Not specified;3;5;3504;;SINGLE_FAMILY;9189 Del Monte Ave;Yucca Valley;92284;CA;USA;Malbec Realty;FALSO;VERDADERO;FALSO;FALSO;For Sale (Broker);House for sale;FOR_SALE,
https://www.zillow.com/homedetails/7475-San-Remo-Trl-Yucca-Valley-CA-92284/17491221_zpid/;620737;639900;3543;Not specified;3;3;2528;;SINGLE_FAMILY;7475 San Remo Trl;Yucca Valley;92284;CA;USA;Coldwell Banker Roadrunner;FALSO;VERDADERO;FALSO;FALSO;For Sale (Broker);House for sale;FOR_SALE,
https://www.zillow.com/homedetails/4918-Goleta-Ave-Yucca-Valley-CA-92284/17498102_zpid/;334949;340000;2298;Not specified;2;3;1338;;SINGLE_FAMILY;4918 Goleta Ave;Yucca Valley;92284;CA;USA;Blockchain Realty, Inc.;FALSO;VERDADERO;FALSO;FALSO;For Sale (Broker);House for sale;FOR_SALE
https://www.zillow.com/homedetails/56676-Sunset-Dr-Yucca-Valley-CA-92284/2068674930_zpid/;531300;549000;3137;Not specified;3;4;1752;;SINGLE_FAMILY;56676 Sunset Dr;Yucca Valley;92284;CA;USA;Sharon Rose Realty, Inc.;FALSO;VERDADERO;FALSO;FALSO;For Sale (Broker);House for sale;FOR_SALE
https://www.zillow.com/homedetails/3635-Warren-Vista-Ave-Yucca-Valley-CA-92284/137796471_zpid/;440542;449900;2999;Not specified;2;3;1538;;SINGLE_FAMILY;3635 Warren Vista Ave;Yucca Valley;92284;CA;USA;Coldwell Banker Roadrunner;FALSO;VERDADERO;FALSO;FALSO;New Construction;New construction;FOR_SALE,
https://www.zillow.com/homedetails/56763-Java-Dr-Yucca-Valley-CA-92284/17490183_zpid/;489600;489600;2362;Not specified;2;3;1534;;SINGLE_FAMILY;56763 Java Dr;Yucca Valley;92284;CA;USA;Inspire Real Estate;FALSO;VERDADERO;FALSO;FALSO;For Sale (Broker);House for sale;FOR_SALE,
https://www.zillow.com/homedetails/57815-San-Tropeze-Dr-Yucca-Valley-CA-92284/17494194_zpid/;429569;450000;3799;Not specified;3;4;2687;;SINGLE_FAMILY;57815 San Tropeze Dr;Yucca Valley;92284;CA;USA;Keller Williams Realty;FALSO;VERDADERO;FALSO;FALSO;For Sale (Broker);House for sale;FOR_SALE,
https://www.zillow.com/homedetails/57088-Monticello-Rd-Yucca-Valley-CA-92284/137794532_zpid/;708171;729000;3928;Not specified;2;3;2497;;SINGLE_FAMILY;57088 Monticello Rd;Yucca Valley;92284;CA;USA;Capitis Real Estate;FALSO;VERDADERO;FALSO;FALSO;For Sale (Broker);House for sale;FOR_SALE,
https://www.zillow.com/homedetails/8487-Deer-Trl-Yucca-Valley-CA-92284/69004325_zpid/;507418;519500;2911;Not specified;2;3;1859;;SINGLE_FAMILY;8487 Deer Trl;Yucca Valley;92284;CA;USA;Keller Williams Realty;FALSO;VERDADERO;VERDADERO;FALSO;For Sale (Broker);House for sale;FOR_SALE,
https://www.zillow.com/homedetails/56245-Cobalt-Rd-Yucca-Valley-CA-92284/82908310_zpid/;1073153;1149800;4570;Not specified;3;3;2899;;SINGLE_FAMILY;56245 Cobalt Rd;Yucca Valley;92284;CA;USA;GREEN Real Estate Group;FALSO;VERDADERO;FALSO;FALSO;For Sale (Broker);House for sale;FOR_SALE,
https://www.zillow.com/homedetails/56609-Carlyle-Dr-Yucca-Valley-CA-92284/17489561_zpid/;374900;375000;2250;Not specified;2;3;1420;;SINGLE_FAMILY;56609 Carlyle Dr;Yucca Valley;92284;CA;USA;Inspire Real Estate;FALSO;VERDADERO;FALSO;FALSO;For Sale (Broker);House for sale;FOR_SALE,
https://www.zillow.com/homedetails/57915-Joshua-Ln-Yucca-Valley-CA-92284/137790535_zpid/;390308;394900;2956;Not specified;2;3;2040;;SINGLE_FAMILY;57915 Joshua Ln;Yucca Valley;92284;CA;USA;BHG Desert Lifestyle Properties;FALSO;VERDADERO;VERDADERO;FALSO;For Sale (Broker);House for sale;FOR_SALE,
https://www.zillow.com/homedetails/8741-Frontera-Ave-Yucca-Valley-CA-92284/17494281_zpid/;425800;434000;2300;Not specified;2;3;1652;;SINGLE_FAMILY;8741 Frontera Ave;Yucca Valley;92284;CA;USA;The Glen Realty;FALSO;VERDADERO;FALSO;FALSO;For Sale (Broker);House for sale;FOR_SALE,
https://www.zillow.com/homedetails/57131-Juarez-Dr-Yucca-Valley-CA-92284/69004344_zpid/;386589;394999;2214;Not specified;2;3;1463;;SINGLE_FAMILY;57131 Juarez Dr;Yucca Valley;92284;CA;USA;Coldwell Banker Roadrunner;FALSO;VERDADERO;FALSO;FALSO;For Sale (Broker);House for sale;FOR_SALE,
https://www.zillow.com/homedetails/56839-Bonanza-Dr-Yucca-Valley-CA-92284/17489512_zpid/;374800;545000;4217;Not specified;5;5;2877;;SINGLE_FAMILY;56839 Bonanza Dr;Yucca Valley;92284;CA;USA;BHG Desert Lifestyle Properties;FALSO;VERDADERO;FALSO;FALSO;For Sale (Broker);House for sale;FOR_SALE,
https://www.zillow.com/homedetails/7731-Arrowhead-Dr-Yucca-Valley-CA-92284/17491351_zpid/;1076582;1100000;3410;Not specified;2;3;2076;;SINGLE_FAMILY;7731 Arrowhead Dr;Yucca Valley;92284;CA;USA;eXp Realty of California Inc;FALSO;VERDADERO;FALSO;FALSO;For Sale (Broker);House for sale;FOR_SALE,
https://www.zillow.com/homedetails/7747-Hopi-Trl-Yucca-Valley-CA-92284/17490649_zpid/;314400;315000;2184;Not specified;2;3;1252;;SINGLE_FAMILY;7747 Hopi Trl;Yucca Valley;92284;CA;USA;RE/MAX TIME REALTY;FALSO;VERDADERO;FALSO;FALSO;For Sale (Broker);House for sale;FOR_SALE,
https://www.zillow.com/homedetails/57288-Farrelo-Rd-Yucca-Valley-CA-92284/69004727_zpid/;682741;699999;3034;Not specified;3;4;1851;;SINGLE_FAMILY;57288 Farrelo Rd;Yucca Valley;92284;CA;USA;Power Real Estate;FALSO;VERDADERO;FALSO;FALSO;For Sale (Broker);House for sale;FOR_SALE,
https://www.zillow.com/homedetails/57387-Aviation-Dr-Yucca-Valley-CA-92284/17496177_zpid/;346401;349900;1849;Not specified;2;3;1189;;SINGLE_FAMILY;57387 Aviation Dr;Yucca Valley;92284;CA;USA;Coldwell Banker Roadrunner;FALSO;VERDADERO;FALSO;FALSO;For Sale (Broker);House for sale;FOR_SALE,
https://www.zillow.com/homedetails/57801-Saratoga-St-Yucca-Valley-CA-92284/64544595_zpid/;349900;349900;2528;Not specified;2;3;1400;;SINGLE_FAMILY;57801 Saratoga St;Yucca Valley;92284;CA;USA;The Glen Realty;FALSO;VERDADERO;FALSO;FALSO;For Sale (Broker);House for sale;FOR_SALE,
https://www.zillow.com/homedetails/7513-Warren-Vista-Ave-Yucca-Valley-CA-92284/17492784_zpid/;343800;349900;1999;Not specified;2;3;1209;;SINGLE_FAMILY;7513 Warren Vista Ave;Yucca Valley;92284;CA;USA;Cherie Miller & Assoc.;FALSO;VERDADERO;FALSO;FALSO;For Sale (Broker);House for sale;FOR_SALE,
https://www.zillow.com/homedetails/54889-Navajo-Trl-Yucca-Valley-CA-92284/17490332_zpid/;590500;525000;4076;Not specified;3;3;2465;;SINGLE_FAMILY;54889 Navajo Trl;Yucca Valley;92284;CA;USA;William Kennedy And Associates;FALSO;VERDADERO;FALSO;FALSO;For Sale (Broker);House for sale;FOR_SALE,
https://www.zillow.com/homedetails/57468-Sierra-Way-Yucca-Valley-CA-92284/17496214_zpid/;381099;399000;2703;Not specified;3;3;1496;;SINGLE_FAMILY;57468 Sierra Way;Yucca Valley;92284;CA;USA;Sharon Rose Realty, Inc.;FALSO;VERDADERO;FALSO;FALSO;For Sale (Broker);House for sale;FOR_SALE
https://www.zillow.com/homedetails/57093-Montecello-Ct-Yucca-Valley-CA-92284/17496829_zpid/;724949;735000;3340;Not specified;2;3;1863;;SINGLE_FAMILY;57093 Montecello Ct;Yucca Valley;92284;CA;USA;Desert Sotheby's International Realty;FALSO;VERDADERO;FALSO;FALSO;For Sale (Broker);House for sale;FOR_SALE,
https://www.zillow.com/homedetails/7671-Emerson-Ave-Yucca-Valley-CA-92284/17493641_zpid/;397340;415000;2264;Not specified;2;3;1596;;SINGLE_FAMILY;7671 Emerson Ave;Yucca Valley;92284;CA;USA;Coldwell Banker Roadrunner;FALSO;VERDADERO;FALSO;FALSO;For Sale (Broker);House for sale;FOR_SALE,
https://www.zillow.com/homedetails/57347-San-Juan-Rd-Yucca-Valley-CA-92284/2061452033_zpid/;;449000;;Not specified;3;3;1977;;SINGLE_FAMILY;57347 San Juan Rd;Yucca Valley;92284;CA;USA;Realty 1;VERDADERO;VERDADERO;FALSO;FALSO;For Sale (Broker);House for sale;FOR_SALE,
https://www.zillow.com/homedetails/4575-Avalon-Ave-Yucca-Valley-CA-92284/333863380_zpid/;429000;429000;2929;Not specified;2;3;1538;;SINGLE_FAMILY;4575 Avalon Ave;Yucca Valley;92284;CA;USA;KELLER WILLIAMS BBLA;FALSO;VERDADERO;FALSO;FALSO;New Construction;New construction;FOR_SALE,
https://www.zillow.com/homedetails/9588-Black-Rock-Canyon-Rd-Yucca-Valley-CA-92284/17494595_zpid/;1035185;1075000;4434;Not specified;2;4;2427;;SINGLE_FAMILY;9588 Black Rock Canyon Rd;Yucca Valley;92284;CA;USA;Homesmart Professionals;FALSO;VERDADERO;FALSO;FALSO;For Sale (Broker);House for sale;FOR_SALE,
https://www.zillow.com/homedetails/58318-Canterbury-St-Yucca-Valley-CA-92284/333863416_zpid/;413815;424900;2985;Not specified;2;3;1538;;SINGLE_FAMILY;58318 Canterbury St;Yucca Valley;92284;CA;USA;Coldwell Banker Roadrunner;FALSO;VERDADERO;FALSO;FALSO;New Construction;New construction;FOR_SALE,
https://www.zillow.com/homedetails/58235-Sun-Via-Dr-Yucca-Valley-CA-92284/17497557_zpid/;701176;649000;2734;Not specified;2;3;1492;;SINGLE_FAMILY;58235 Sun Via Dr;Yucca Valley;92284;CA;USA;Malbec Realty;FALSO;VERDADERO;FALSO;FALSO;For Sale (Broker);House for sale;FOR_SALE,
https://www.zillow.com/homedetails/7483-Goleta-Ave-Yucca-Valley-CA-92284/243180127_zpid/;399100;399900;2459;Not specified;2;3;1449;;SINGLE_FAMILY;7483 Goleta Ave;Yucca Valley;92284;CA;USA;Coldwell Banker Roadrunner;FALSO;VERDADERO;FALSO;FALSO;For Sale (Broker);House for sale;FOR_SALE,
https://www.zillow.com/homedetails/55084-Cheechaco-Trl-Yucca-Valley-CA-92284/17490353_zpid/;599000;599000;2926;Not specified;2;3;1777;;SINGLE_FAMILY;55084 Cheechaco Trl;Yucca Valley;92284;CA;USA;The Glen Realty;FALSO;VERDADERO;FALSO;FALSO;For Sale (Broker);House for sale;FOR_SALE,
https://www.zillow.com/homedetails/7410-Joshua-Ln-Yucca-Valley-CA-92284/64871696_zpid/;369215;380000;2300;Not specified;2;4;1534;;SINGLE_FAMILY;7410 Joshua Ln;Yucca Valley;92284;CA;USA;Century 21 Realty Masters;FALSO;VERDADERO;FALSO;FALSO;For Sale (Broker);House for sale;FOR_SALE,
https://www.zillow.com/homedetails/58773-Campero-Dr-Yucca-Valley-CA-92284/17498116_zpid/;483683;499000;2270;Not specified;2;3;1338;;SINGLE_FAMILY;58773 Campero Dr;Yucca Valley;92284;CA;USA;Compass;VERDADERO;VERDADERO;VERDADERO;FALSO;For Sale (Broker);House for sale;FOR_SALE,
https://www.zillow.com/homedetails/58148-Sierra-Vista-Dr-Yucca-Valley-CA-92284/72653712_zpid/;446073;469999;2699;Not specified;2;3;1520;;SINGLE_FAMILY;58148 Sierra Vista Dr;Yucca Valley;92284;CA;USA;KELLER WILLIAMS REALTY;FALSO;VERDADERO;FALSO;FALSO;For Sale (Broker);House for sale;FOR_SALE,
https://www.zillow.com/homedetails/4921-El-Dorado-Ave-Yucca-Valley-CA-92284/2061829079_zpid/;;439999;;Not specified;2;4;1844;;SINGLE_FAMILY;4921 El Dorado Ave;Yucca Valley;92284;CA;USA;Century 21 LOTUS;FALSO;VERDADERO;FALSO;FALSO;For Sale (Broker);House for sale;FOR_SALE,
https://www.zillow.com/homedetails/56445-El-Dorado-Ave-Yucca-Valley-CA-92284/17489816_zpid/;333434;349900;2028;Not specified;2;3;1250;;SINGLE_FAMILY;56445 El Dorado Ave;Yucca Valley;92284;CA;USA;Coldwell Banker Roadrunner;FALSO;VERDADERO;FALSO;FALSO;For Sale (Broker);House for sale;FOR_SALE,
https://www.zillow.com/homedetails/54799-Navajo-Trl-Yucca-Valley-CA-92284/82912884_zpid/;520300;599900;3469;Not specified;3;4;2337;;SINGLE_FAMILY;54799 Navajo Trl;Yucca Valley;92284;CA;USA;Realty Professionals of the Morongo Basin;FALSO;VERDADERO;FALSO;FALSO;For Sale (Broker);House for sale;FOR_SALE,
https://www.zillow.com/homedetails/3484-El-Dorado-Rd-Yucca-Valley-CA-92284/17497704_zpid/;379503;395000;3384;Not specified;2;3;2292;;SINGLE_FAMILY;3484 El Dorado Rd;Yucca Valley;92284;CA;USA;Sharon Rose Realty, Inc.;FALSO;VERDADERO;FALSO;FALSO;For Sale (Broker);House for sale;FOR_SALE
https://www.zillow.com/homedetails/58971-Carmelita-Cir-Yucca-Valley-CA-92284/64622830_zpid/;893400;1100000;4711;Not specified;3;4;2780;;SINGLE_FAMILY;58971 Carmelita Cir;Yucca Valley;92284;CA;USA;Joshua Tree Modern;FALSO;VERDADERO;FALSO;FALSO;For Sale (Broker);House for sale;FOR_SALE,
https://www.zillow.com/homedetails/54005-Pinon-Dr-Yucca-Valley-CA-92284/17489753_zpid/;898999;950000;4535;Not specified;4;3;3030;;SINGLE_FAMILY;54005 Pinon Dr;Yucca Valley;92284;CA;USA;Corey Jenson, Broker;FALSO;VERDADERO;FALSO;FALSO;For Sale (Broker);House for sale;FOR_SALE
https://www.zillow.com/homedetails/59115-Mesa-Dr-Yucca-Valley-CA-92284/17497865_zpid/;586340;599000;3593;Not specified;4;4;2351;;SINGLE_FAMILY;59115 Mesa Dr;Yucca Valley;92284;CA;USA;Quality Real Estate Corp.;VERDADERO;VERDADERO;FALSO;FALSO;For Sale (Broker);House for sale;FOR_SALE,
https://www.zillow.com/homedetails/8508-Juarez-Ct-Yucca-Valley-CA-92284/64562799_zpid/;457419;469000;2710;Not specified;2;4;2027;;SINGLE_FAMILY;8508 Juarez Ct;Yucca Valley;92284;CA;USA;BHG Desert Lifestyle Properties;FALSO;VERDADERO;FALSO;FALSO;For Sale (Broker);House for sale;FOR_SALE,
https://www.zillow.com/homedetails/9059-Balsa-Ave-Yucca-Valley-CA-92284/89166050_zpid/;815902;839900;4711;Not specified;3;4;2908;;SINGLE_FAMILY;9059 Balsa Ave;Yucca Valley;92284;CA;USA;Corey Jenson, Broker;FALSO;VERDADERO;FALSO;FALSO;For Sale (Broker);House for sale;FOR_SALE
https://www.zillow.com/homedetails/58146-Spring-Dr-Yucca-Valley-CA-92284/2067554538_zpid/;;365000;2400;Not specified;2;3;1375;;SINGLE_FAMILY;58146 Spring Dr;Yucca Valley;92284;CA;USA;CALIFORNIA REALTY SOLUTIONS;FALSO;VERDADERO;FALSO;FALSO;For Sale (Broker);House for sale;FOR_SALE,
https://www.zillow.com/homedetails/58711-Sunny-Sands-Dr-Yucca-Valley-CA-92284/17497730_zpid/;279500;289000;1925;Not specified;2;3;1129;;SINGLE_FAMILY;58711 Sunny Sands Dr;Yucca Valley;92284;CA;USA;Berkshire Hathaway H.S.C.P.;FALSO;VERDADERO;FALSO;FALSO;For Sale (Broker);House for sale;FOR_SALE,
https://www.zillow.com/homedetails/58424-Desert-Gold-Dr-Yucca-Valley-CA-92284/17493546_zpid/;361507;379900;2899;Not specified;3;4;1640;;SINGLE_FAMILY;58424 Desert Gold Dr;Yucca Valley;92284;CA;USA;Coldwell Banker Roadrunner;FALSO;VERDADERO;FALSO;FALSO;For Sale (Broker);House for sale;FOR_SALE,
https://www.zillow.com/homedetails/6339-Goleta-Ave-Yucca-Valley-CA-92284/72653734_zpid/;324006;335000;2305;Not specified;2;3;1360;;SINGLE_FAMILY;6339 Goleta Ave;Yucca Valley;92284;CA;USA;Coldwell Banker Home Source;FALSO;VERDADERO;FALSO;FALSO;For Sale (Broker);House for sale;FOR_SALE,
https://www.zillow.com/homedetails/58345-Bonanza-Dr-Yucca-Valley-CA-92284/17493568_zpid/;478884;499950;3204;Not specified;3;4;2363;;SINGLE_FAMILY;58345 Bonanza Dr;Yucca Valley;92284;CA;USA;Tri-Valley Realty;FALSO;VERDADERO;FALSO;FALSO;For Sale (Broker);House for sale;FOR_SALE,
https://www.zillow.com/homedetails/58720-Cortez-Dr-A-Yucca-Valley-CA-92284/2062306946_zpid/;;999999;;Not specified;3;3;2471;;SINGLE_FAMILY;58720 Cortez Dr #A;Yucca Valley;92284;CA;USA;The Glen Realty;FALSO;VERDADERO;FALSO;FALSO;For Sale (Broker);House for sale;FOR_SALE,
https://www.zillow.com/homedetails/59168-Forrest-Dr-Yucca-Valley-CA-92284/17497403_zpid/;475158;499900;4500;Not specified;3;5;3060;;SINGLE_FAMILY;59168 Forrest Dr;Yucca Valley;92284;CA;USA;The Glen Realty;FALSO;VERDADERO;FALSO;FALSO;For Sale (Broker);House for sale;FOR_SALE,
https://www.zillow.com/homedetails/58314-Navajo-Trl-Yucca-Valley-CA-92284/17494481_zpid/;531817;548500;2051;Not specified;2;3;1348;;SINGLE_FAMILY;58314 Navajo Trl;Yucca Valley;92284;CA;USA;Power Real Estate;FALSO;VERDADERO;FALSO;FALSO;For Sale (Broker);House for sale;FOR_SALE,
https://www.zillow.com/homedetails/8099-Palomar-Ave-Yucca-Valley-CA-92284/17492803_zpid/;;629900;5000;Not specified;4;5;3968;;SINGLE_FAMILY;8099 Palomar Ave;Yucca Valley;92284;CA;USA;Coldwell Banker Roadrunner;FALSO;VERDADERO;FALSO;FALSO;For Sale (Broker);House for sale;FOR_SALE,
https://www.zillow.com/homedetails/57839-Terbush-Ave-Yucca-Valley-CA-92284/2070025884_zpid/;;995000;;Not specified;3;3;2506;;SINGLE_FAMILY;57839 Terbush Ave;Yucca Valley;92284;CA;USA;Keller Williams Beverly Hills;FALSO;VERDADERO;FALSO;FALSO;For Sale (Broker);House for sale;FOR_SALE,
https://www.zillow.com/homedetails/56655-Taos-Trl-Yucca-Valley-CA-92284/17492369_zpid/;570228;587000;4500;Not specified;3;3;3120;;SINGLE_FAMILY;56655 Taos Trl;Yucca Valley;92284;CA;USA;Cherie Miller & Assoc.;FALSO;VERDADERO;FALSO;FALSO;For Sale (Broker);House for sale;FOR_SALE,
https://www.zillow.com/homedetails/7499-Bonita-Trl-Yucca-Valley-CA-92284/17492739_zpid/;364300;369000;2199;Not specified;2;3;1250;;SINGLE_FAMILY;7499 Bonita Trl;Yucca Valley;92284;CA;USA;Joshua Tree Realty;FALSO;VERDADERO;FALSO;FALSO;For Sale (Broker);House for sale;FOR_SALE,
https://www.zillow.com/homedetails/57055-Antelope-Trl-Yucca-Valley-CA-92284/17496330_zpid/;283900;283900;2395;Not specified;2;3;1480;;SINGLE_FAMILY;57055 Antelope Trl;Yucca Valley;92284;CA;USA;Keller Williams Realty-Studio City;FALSO;VERDADERO;FALSO;FALSO;For Sale (Broker);House for sale;FOR_SALE,
https://www.zillow.com/homedetails/7812-Condalia-Ave-Yucca-Valley-CA-92284/2064083581_zpid/;;1900000;;Not specified;4;4;4500;;SINGLE_FAMILY;7812 Condalia Ave;Yucca Valley;92284;CA;USA;Keller Williams Realty;FALSO;VERDADERO;FALSO;FALSO;For Sale (Broker);House for sale;FOR_SALE,
https://www.zillow.com/homedetails/3832-Avalon-Ave-Yucca-Valley-CA-92284/17497971_zpid/;296900;295600;1728;Not specified;2;3;1108;;SINGLE_FAMILY;3832 Avalon Ave;Yucca Valley;92284;CA;USA;Keller Williams Realty-Studio City;FALSO;VERDADERO;FALSO;FALSO;For Sale (Broker);House for sale;FOR_SALE,
https://www.zillow.com/homedetails/58713-Sun-Via-Dr-Yucca-Valley-CA-92284/72653709_zpid/;439482;450000;2999;Not specified;2;4;1677;;SINGLE_FAMILY;58713 Sun Via Dr;Yucca Valley;92284;CA;USA;Berkshire Hathaway HomeServices California Properties;FALSO;VERDADERO;FALSO;FALSO;For Sale (Broker);House for sale;FOR_SALE,
https://www.zillow.com/homedetails/5253-Puente-Ct-Yucca-Valley-CA-92284/17496458_zpid/;;2995000;11879;Not specified;3;4;2588;;SINGLE_FAMILY;5253 Puente Ct;Yucca Valley;92284;CA;USA;Building Joshua Tree Real Estate;FALSO;VERDADERO;FALSO;FALSO;For Sale (Broker);House for sale;FOR_SALE,
https://www.zillow.com/homedetails/43032-Sunset-Dr-Big-Bear-Lake-CA-92315/17620716_zpid/;577500;599000;2999;Not specified;3;4;1651;;SINGLE_FAMILY;43032 Sunset Dr;Big Bear Lake;92315;CA;USA;Re/Max Big Bear;FALSO;VERDADERO;FALSO;FALSO;For Sale (Broker);House for sale;FOR_SALE,
https://www.zillow.com/homedetails/745-Eureka-Dr-Big-Bear-Lake-CA-92315/17385607_zpid/;472362;475000;1952;Not specified;2;3;876;;SINGLE_FAMILY;745 Eureka Dr;Big Bear Lake;92315;CA;USA;Re/Max Big Bear;FALSO;VERDADERO;FALSO;FALSO;For Sale (Broker);House for sale;FOR_SALE,
https://www.zillow.com/homedetails/42998-Monterey-St-Big-Bear-Lake-CA-92315/17620641_zpid/;494232;499000;2329;Not specified;2;3;1174;;SINGLE_FAMILY;42998 Monterey St;Big Bear Lake;92315;CA;USA;PONCE & PONCE REALTY;FALSO;VERDADERO;FALSO;FALSO;For Sale (Broker);House for sale;FOR_SALE,
https://www.zillow.com/homedetails/986-Cameron-Dr-Big-Bear-Lake-CA-92315/17384891_zpid/;685294;699000;2961;Not specified;3;4;1706;;SINGLE_FAMILY;986 Cameron Dr;Big Bear Lake;92315;CA;USA;Re/Max Big Bear;FALSO;VERDADERO;FALSO;FALSO;For Sale (Broker);House for sale;FOR_SALE,
https://www.zillow.com/homedetails/42876-Encino-Rd-Big-Bear-Lake-CA-92315/17620242_zpid/;860281;899900;3437;Not specified;3;5;2400;;SINGLE_FAMILY;42876 Encino Rd;Big Bear Lake;92315;CA;USA;Re/Max Big Bear;FALSO;VERDADERO;FALSO;FALSO;For Sale (Broker);House for sale;FOR_SALE,
https://www.zillow.com/homedetails/422-Quail-Dr-Big-Bear-Lake-CA-92315/246340143_zpid/;703900;769900;2828;Not specified;2;3;1504;;SINGLE_FAMILY;422 Quail Dr;Big Bear Lake;92315;CA;USA;Re/Max Big Bear;FALSO;VERDADERO;FALSO;FALSO;For Sale (Broker);House for sale;FOR_SALE,
https://www.zillow.com/homedetails/615-Thrush-Dr-Big-Bear-Lake-CA-92315/17618321_zpid/;873400;950000;4146;Not specified;4;4;2436;;SINGLE_FAMILY;615 Thrush Dr;Big Bear Lake;92315;CA;USA;Keller Williams Big Bear Lake Arrowhead;FALSO;VERDADERO;FALSO;FALSO;For Sale (Broker);House for sale;FOR_SALE,
https://www.zillow.com/homedetails/40238-Bonita-Ln-Big-Bear-Lake-CA-92315/69002037_zpid/;1300781;1350000;5484;Not specified;3;4;2770;;SINGLE_FAMILY;40238 Bonita Ln;Big Bear Lake;92315;CA;USA;KELLER WILLIAMS BBLA;FALSO;VERDADERO;FALSO;FALSO;For Sale (Broker);House for sale;FOR_SALE,
https://www.zillow.com/homedetails/107-Round-Dr-Big-Bear-Lake-CA-92315/17383145_zpid/;769000;794900;2463;Not specified;2;3;1288;;SINGLE_FAMILY;107 Round Dr;Big Bear Lake;92315;CA;USA;VACASA REAL ESTATE;FALSO;VERDADERO;FALSO;FALSO;For Sale (Broker);House for sale;FOR_SALE,
https://www.zillow.com/homedetails/409-Glenwood-Dr-Big-Bear-Lake-CA-92315/333863109_zpid/;1507085;1649900;7730;Not specified;4;5;3227;;SINGLE_FAMILY;409 Glenwood Dr;Big Bear Lake;92315;CA;USA;Re/Max Big Bear;FALSO;VERDADERO;FALSO;FALSO;New Construction;New construction;FOR_SALE,
https://www.zillow.com/homedetails/405-Glenwood-Dr-Big-Bear-Lake-CA-92315/337970368_zpid/;1619720;1799900;7843;Not specified;6;5;4084;;SINGLE_FAMILY;405 Glenwood Dr;Big Bear Lake;92315;CA;USA;Re/Max Big Bear;FALSO;VERDADERO;FALSO;FALSO;New Construction;New construction;FOR_SALE,
https://www.zillow.com/homedetails/791-Knight-Ave-Big-Bear-Lake-CA-92315/137650867_zpid/;779390;799900;2999;Not specified;2;3;1600;;SINGLE_FAMILY;791 Knight Ave;Big Bear Lake;92315;CA;USA;Re/Max Big Bear;FALSO;VERDADERO;FALSO;FALSO;New Construction;New construction;FOR_SALE,
https://www.zillow.com/homedetails/43589-Yosemite-Dr-Big-Bear-Lake-CA-92315/17387241_zpid/;888355;899900;3349;Not specified;0;4;2344;;SINGLE_FAMILY;43589 Yosemite Dr;Big Bear Lake;92315;CA;USA;KELLER WILLIAMS BBLA;FALSO;VERDADERO;FALSO;FALSO;For Sale (Broker);House for sale;FOR_SALE,
https://www.zillow.com/homedetails/39934-Forest-Dr-Big-Bear-Lake-CA-92315/17383417_zpid/;568270;574900;2095;Not specified;1;3;1008;;SINGLE_FAMILY;39934 Forest Dr;Big Bear Lake;92315;CA;USA;CAPITAL REAL ESTATE & INV;FALSO;VERDADERO;FALSO;FALSO;For Sale (Broker);House for sale;FOR_SALE,
https://www.zillow.com/homedetails/43442-Bow-Canyon-Rd-Big-Bear-Lake-CA-92315/17387139_zpid/;793931;825000;2999;Not specified;2;3;1588;;SINGLE_FAMILY;43442 Bow Canyon Rd;Big Bear Lake;92315;CA;USA;;FALSO;VERDADERO;FALSO;FALSO;For Sale (Broker);House for sale;FOR_SALE,
https://www.zillow.com/homedetails/145-Finch-Dr-Big-Bear-Lake-CA-92315/17385949_zpid/;765700;749000;2499;Not specified;2;3;1326;;SINGLE_FAMILY;145 Finch Dr;Big Bear Lake;92315;CA;USA;The Agency;FALSO;VERDADERO;FALSO;FALSO;For Sale (Broker);House for sale;FOR_SALE,
https://www.zillow.com/homedetails/159-Oriole-Dr-Big-Bear-Lake-CA-92315/17385851_zpid/;772384;779000;3069;Not specified;3;3;1669;;SINGLE_FAMILY;159 Oriole Dr;Big Bear Lake;92315;CA;USA;Re/Max Connections;VERDADERO;VERDADERO;FALSO;FALSO;For Sale (Broker);House for sale;FOR_SALE,
https://www.zillow.com/homedetails/1329-Buffalo-Ct-Big-Bear-Lake-CA-92315/17386902_zpid/;660154;665000;2400;Not specified;2;3;1206;;SINGLE_FAMILY;1329 Buffalo Ct;Big Bear Lake;92315;CA;USA;Quality Real Estate Corp.;FALSO;VERDADERO;FALSO;FALSO;For Sale (Broker);House for sale;FOR_SALE,
https://www.zillow.com/homedetails/39045-Big-Bear-Blvd-Big-Bear-Lake-CA-92315/249709567_zpid/;1142723;1179000;4725;Not specified;4;3;2314;;SINGLE_FAMILY;39045 Big Bear Blvd;Big Bear Lake;92315;CA;USA;Refined Realty;FALSO;VERDADERO;FALSO;FALSO;For Sale (Broker);House for sale;FOR_SALE,
https://www.zillow.com/homedetails/40588-Ironwood-Dr-Big-Bear-Lake-CA-92315/17384703_zpid/;1197900;1400000;5221;Not specified;4;4;3517;;SINGLE_FAMILY;40588 Ironwood Dr;Big Bear Lake;92315;CA;USA;;FALSO;VERDADERO;FALSO;FALSO;For Sale (Broker);House for sale;FOR_SALE,
https://www.zillow.com/homedetails/42584-Falcon-Ave-Big-Bear-Lake-CA-92315/69005435_zpid/;623874;625000;2914;Not specified;2;3;1540;;SINGLE_FAMILY;42584 Falcon Ave;Big Bear Lake;92315;CA;USA;Compass;FALSO;VERDADERO;FALSO;FALSO;For Sale (Broker);House for sale;FOR_SALE,
https://www.zillow.com/homedetails/41952-Mapleleaf-Dr-Big-Bear-Lake-CA-92315/17618683_zpid/;694900;695000;2643;Not specified;2;3;1376;;SINGLE_FAMILY;41952 Mapleleaf Dr;Big Bear Lake;92315;CA;USA;Stillwater Real Estate;FALSO;VERDADERO;FALSO;FALSO;For Sale (Broker);House for sale;FOR_SALE,
https://www.zillow.com/homedetails/372-Quail-Dr-Big-Bear-Lake-CA-92315/17385190_zpid/;623904;625000;2095;Not specified;2;3;1315;;SINGLE_FAMILY;372 Quail Dr;Big Bear Lake;92315;CA;USA;Amer Jakher;FALSO;VERDADERO;FALSO;FALSO;For Sale (Broker);House for sale;FOR_SALE,
https://www.zillow.com/homedetails/370-Starlight-Cir-Big-Bear-Lake-CA-92315/137655481_zpid/;1651056;1749000;7725;Not specified;4;4;3285;;SINGLE_FAMILY;370 Starlight Cir;Big Bear Lake;92315;CA;USA;Re/Max Big Bear;FALSO;VERDADERO;FALSO;FALSO;New Construction;New construction;FOR_SALE,
https://www.zillow.com/homedetails/38609-Talbot-Dr-Big-Bear-Lake-CA-92315/17382125_zpid/;1344400;1400000;4751;Not specified;4;3;2184;;SINGLE_FAMILY;38609 Talbot Dr;Big Bear Lake;92315;CA;USA;Realty Masters & Associates;FALSO;VERDADERO;FALSO;FALSO;For Sale (Broker);House for sale;FOR_SALE,
https://www.zillow.com/homedetails/42625-Alta-Vista-Ave-Big-Bear-Lake-CA-92315/17619553_zpid/;612618;614000;2999;Not specified;3;3;1700;;SINGLE_FAMILY;42625 Alta Vista Ave;Big Bear Lake;92315;CA;USA;Compass;FALSO;VERDADERO;FALSO;FALSO;For Sale (Broker);House for sale;FOR_SALE,
https://www.zillow.com/homedetails/780-N-Star-Dr-Big-Bear-Lake-CA-92315/17618720_zpid/;2320000;2499000;6332;Not specified;7;7;5365;;SINGLE_FAMILY;780 N Star Dr;Big Bear Lake;92315;CA;USA;RE/MAX Big Bear;FALSO;VERDADERO;FALSO;FALSO;For Sale (Broker);House for sale;FOR_SALE,
https://www.zillow.com/homedetails/42756-Castlewood-Dr-Big-Bear-Lake-CA-92315/17390045_zpid/;1135474;1215000;5554;Not specified;4;5;3664;;SINGLE_FAMILY;42756 Castlewood Dr;Big Bear Lake;92315;CA;USA;RE/MAX ONE;FALSO;VERDADERO;FALSO;FALSO;For Sale (Broker);House for sale;FOR_SALE,
https://www.zillow.com/homedetails/40144-Hillcrest-Dr-Big-Bear-Lake-CA-92315/17383855_zpid/;604000;649000;2414;Not specified;3;3;1356;;SINGLE_FAMILY;40144 Hillcrest Dr;Big Bear Lake;92315;CA;USA;Keller Williams North Valley;FALSO;VERDADERO;FALSO;FALSO;For Sale (Broker);House for sale;FOR_SALE,
https://www.zillow.com/homedetails/591-Douglas-St-Big-Bear-Lake-CA-92315/64674588_zpid/;598400;599900;2499;Not specified;2;3;1361;;SINGLE_FAMILY;591 Douglas St;Big Bear Lake;92315;CA;USA;RE/MAX Big Bear;FALSO;VERDADERO;FALSO;FALSO;For Sale (Broker);House for sale;FOR_SALE,
https://www.zillow.com/homedetails/756-Manzanita-Ct-Big-Bear-Lake-CA-92315/17382229_zpid/;1327782;1399000;5486;Not specified;3;3;3081;;SINGLE_FAMILY;756 Manzanita Ct;Big Bear Lake;92315;CA;USA;KELLER WILLIAMS BBLA;FALSO;VERDADERO;VERDADERO;FALSO;For Sale (Broker);House for sale;FOR_SALE,
https://www.zillow.com/homedetails/732-Conklin-Rd-Big-Bear-Lake-CA-92315/17385683_zpid/;559190;565000;2499;Not specified;2;3;1287;;SINGLE_FAMILY;732 Conklin Rd;Big Bear Lake;92315;CA;USA;RE/MAX TIME REALTY;FALSO;VERDADERO;FALSO;FALSO;For Sale (Broker);House for sale;FOR_SALE,
https://www.zillow.com/homedetails/42620-Cedar-Ave-Big-Bear-Lake-CA-92315/59203341_zpid/;;699000;2590;Not specified;2;3;1408;;SINGLE_FAMILY;42620 Cedar Ave;Big Bear Lake;92315;CA;USA;Dwyer Real Estate & Development;FALSO;VERDADERO;FALSO;FALSO;For Sale (Broker);House for sale;FOR_SALE,
https://www.zillow.com/homedetails/43368-Ridge-Crest-Dr-Big-Bear-Lake-CA-92315/2060770379_zpid/;;730000;;Not specified;3;5;2048;;SINGLE_FAMILY;43368 Ridge Crest Dr;Big Bear Lake;92315;CA;USA;;FALSO;VERDADERO;FALSO;FALSO;For Sale (Broker);House for sale;FOR_SALE,
https://www.zillow.com/homedetails/42401-Heavenly-Valley-Rd-Big-Bear-Lake-CA-92315/17619231_zpid/;979384;1029900;4772;Not specified;3;3;3232;;SINGLE_FAMILY;42401 Heavenly Valley Rd;Big Bear Lake;92315;CA;USA;RE/MAX Big Bear;FALSO;VERDADERO;FALSO;FALSO;For Sale (Broker);House for sale;FOR_SALE,
https://www.zillow.com/homedetails/38969-N-Bay-Dr-Big-Bear-Lake-CA-92315/2066544931_zpid/;2158173;2399000;;Not specified;4;5;2764;;SINGLE_FAMILY;38969 N Bay Dr;Big Bear Lake;92315;CA;USA;KELLER WILLIAMS BBLA;FALSO;VERDADERO;FALSO;FALSO;For Sale (Broker);House for sale;FOR_SALE,
https://www.zillow.com/homedetails/40128-Hillcrest-Dr-Big-Bear-Lake-CA-92315/17383873_zpid/;430391;438000;2327;Not specified;1;3;1172;;SINGLE_FAMILY;40128 Hillcrest Dr;Big Bear Lake;92315;CA;USA;RE/MAX OLYMPIC;FALSO;VERDADERO;FALSO;FALSO;For Sale (Broker);House for sale;FOR_SALE,
https://www.zillow.com/homedetails/1144-Sheephorn-Rd-Big-Bear-Lake-CA-92315/2064094293_zpid/;566000;525000;2329;Not specified;2;3;1200;;SINGLE_FAMILY;1144 Sheephorn Rd;Big Bear Lake;92315;CA;USA;;FALSO;VERDADERO;FALSO;FALSO;For Sale (Broker);House for sale;FOR_SALE,
https://www.zillow.com/homedetails/791-Cove-Dr-Big-Bear-Lake-CA-92315/17382226_zpid/;4290900;4855356;20182;Not specified;9;9;7236;;SINGLE_FAMILY;791 Cove Dr;Big Bear Lake;92315;CA;USA;Choice Real Estate Brokers;FALSO;VERDADERO;FALSO;FALSO;For Sale (Broker);House for sale;FOR_SALE,
https://www.zillow.com/homedetails/465-Temple-Ln-Big-Bear-Lake-CA-92315/17384247_zpid/;;625000;3229;Not specified;2;3;2039;;SINGLE_FAMILY;465 Temple Ln;Big Bear Lake;92315;CA;USA;Corcoran Global Living;FALSO;VERDADERO;FALSO;FALSO;For Sale (Broker);House for sale;FOR_SALE,
https://www.zillow.com/homedetails/41984-Mapleleaf-Dr-Big-Bear-Lake-CA-92315/17618680_zpid/;861226;899000;3353;Not specified;3;4;2156;;SINGLE_FAMILY;41984 Mapleleaf Dr;Big Bear Lake;92315;CA;USA;Berkshire Hathaway HomeService;FALSO;VERDADERO;FALSO;FALSO;For Sale (Broker);House for sale;FOR_SALE,
https://www.zillow.com/homedetails/41599-Stonebridge-Rd-Big-Bear-Lake-CA-92315/17386197_zpid/;1284600;1400000;5900;Not specified;4;4;3343;;SINGLE_FAMILY;41599 Stonebridge Rd;Big Bear Lake;92315;CA;USA;Re/Max Area Experts;FALSO;VERDADERO;FALSO;FALSO;For Sale (Broker);House for sale;FOR_SALE,
https://www.zillow.com/homedetails/39363-Aurora-Rd-Big-Bear-Lake-CA-92315/17382622_zpid/;;4650000;16179;Not specified;5;6;6750;;SINGLE_FAMILY;39363 Aurora Rd;Big Bear Lake;92315;CA;USA;Re/Max Big Bear;FALSO;VERDADERO;FALSO;FALSO;For Sale (Broker);House for sale;FOR_SALE,
https://www.zillow.com/homedetails/185-Teakwood-Dr-Big-Bear-Lake-CA-92315/17390043_zpid/;1146000;1174900;5041;Not specified;3;3;2005;;SINGLE_FAMILY;185 Teakwood Dr;Big Bear Lake;92315;CA;USA;HomeSmart, Evergreen Realty;VERDADERO;VERDADERO;FALSO;FALSO;For Sale (Broker);House for sale;FOR_SALE
https://www.zillow.com/homedetails/934-Menlo-Dr-Big-Bear-Lake-CA-92315/17386541_zpid/;640435;649900;2999;Not specified;2;3;1636;;SINGLE_FAMILY;934 Menlo Dr;Big Bear Lake;92315;CA;USA;Kristine Garcia, Broker;FALSO;VERDADERO;FALSO;FALSO;For Sale (Broker);House for sale;FOR_SALE
https://www.zillow.com/homedetails/805-Rayo-Ln-Big-Bear-Lake-CA-92315/17382248_zpid/;621739;639900;2314;Not specified;2;3;1244;;SINGLE_FAMILY;805 Rayo Ln;Big Bear Lake;92315;CA;USA;;FALSO;VERDADERO;FALSO;FALSO;For Sale (Broker);House for sale;FOR_SALE,
https://www.zillow.com/homedetails/1224-Redwood-Dr-Big-Bear-Lake-CA-92315/17619987_zpid/;1021156;1074900;4095;Not specified;4;4;2553;;SINGLE_FAMILY;1224 Redwood Dr;Big Bear Lake;92315;CA;USA;PLF Real Estate Solutions;VERDADERO;VERDADERO;FALSO;FALSO;For Sale (Broker);House for sale;FOR_SALE,
https://www.zillow.com/homedetails/43396-Primrose-Dr-Big-Bear-Lake-CA-92315/17386876_zpid/;807338;824900;2999;Not specified;3;3;1899;;SINGLE_FAMILY;43396 Primrose Dr;Big Bear Lake;92315;CA;USA;KELLER WILLIAMS BBLA;FALSO;VERDADERO;FALSO;FALSO;For Sale (Broker);House for sale;FOR_SALE,
https://www.zillow.com/homedetails/42618-Peregrine-Ave-Big-Bear-Lake-CA-92315/17619686_zpid/;445206;449000;2157;Not specified;1;3;680;;SINGLE_FAMILY;42618 Peregrine Ave;Big Bear Lake;92315;CA;USA;VENTURE REAL ESTATE;FALSO;VERDADERO;FALSO;FALSO;For Sale (Broker);House for sale;FOR_SALE,
https://www.zillow.com/homedetails/484-Edgemoor-Rd-Big-Bear-Lake-CA-92315/17383534_zpid/;667200;795000;2999;Not specified;2;3;2116;;SINGLE_FAMILY;484 Edgemoor Rd;Big Bear Lake;92315;CA;USA;;FALSO;VERDADERO;FALSO;FALSO;For Sale (Broker);House for sale;FOR_SALE,
https://www.zillow.com/homedetails/796-Cove-Dr-Big-Bear-Lake-CA-92315/17382237_zpid/;1115457;1195000;3989;Not specified;2;3;1892;;SINGLE_FAMILY;796 Cove Dr;Big Bear Lake;92315;CA;USA;RE/MAX Big Bear;FALSO;VERDADERO;FALSO;FALSO;For Sale (Broker);House for sale;FOR_SALE,
https://www.zillow.com/homedetails/43166-Sunset-Dr-Big-Bear-Lake-CA-92315/17621046_zpid/;567230;589000;2484;Not specified;2;3;1334;;SINGLE_FAMILY;43166 Sunset Dr;Big Bear Lake;92315;CA;USA;RE/MAX BIG BEAR;FALSO;VERDADERO;FALSO;FALSO;For Sale (Broker);House for sale;FOR_SALE,
https://www.zillow.com/homedetails/595-Killington-Way-Big-Bear-Lake-CA-92315/17618966_zpid/;1168700;1249000;4758;Not specified;3;3;2888;;SINGLE_FAMILY;595 Killington Way;Big Bear Lake;92315;CA;USA;BHG Desert Lifestyle Properties;FALSO;VERDADERO;VERDADERO;FALSO;For Sale (Broker);House for sale;FOR_SALE,
https://www.zillow.com/homedetails/42580-Willow-Ave-Big-Bear-Lake-CA-92315/137976992_zpid/;784948;799900;2813;Not specified;3;4;1686;;SINGLE_FAMILY;42580 Willow Ave;Big Bear Lake;92315;CA;USA;ALL STAR REALTY;FALSO;VERDADERO;FALSO;FALSO;New Construction;New construction;FOR_SALE,
https://www.zillow.com/homedetails/1179-Sheephorn-Rd-Big-Bear-Lake-CA-92315/2061303780_zpid/;;599900;;Not specified;2;3;1140;;SINGLE_FAMILY;1179 Sheephorn Rd;Big Bear Lake;92315;CA;USA;Re/Max Big Bear;FALSO;VERDADERO;FALSO;FALSO;For Sale (Broker);House for sale;FOR_SALE,
https://www.zillow.com/homedetails/518-Waynoka-Ln-Big-Bear-Lake-CA-92315/17384351_zpid/;593132;595000;2392;Not specified;2;3;1284;;SINGLE_FAMILY;518 Waynoka Ln;Big Bear Lake;92315;CA;USA;WHEELER STEFFEN SOTHEBY'S INT;FALSO;VERDADERO;FALSO;FALSO;For Sale (Broker);House for sale;FOR_SALE,
https://www.zillow.com/homedetails/112-Eagle-Dr-Big-Bear-Lake-CA-92315/17385978_zpid/;1604300;2100000;6713;Not specified;4;5;4159;;SINGLE_FAMILY;112 Eagle Dr;Big Bear Lake;92315;CA;USA;Mills Realty of California;FALSO;VERDADERO;FALSO;FALSO;For Sale (Broker);House for sale;FOR_SALE,
https://www.zillow.com/homedetails/43076-Moonridge-Rd-Big-Bear-Lake-CA-92315/17620828_zpid/;818303;829000;3586;Not specified;3;4;2748;;SINGLE_FAMILY;43076 Moonridge Rd;Big Bear Lake;92315;CA;USA;Wheeler Steffen Sotheby's Intl;FALSO;VERDADERO;FALSO;FALSO;For Sale (Broker);House for sale;FOR_SALE,
https://www.zillow.com/homedetails/40031-Hillcrest-Dr-Big-Bear-Lake-CA-92315/17383772_zpid/;679514;699900;2556;Not specified;2;3;1415;;SINGLE_FAMILY;40031 Hillcrest Dr;Big Bear Lake;92315;CA;USA;Vacasa Real Estate Corp.;FALSO;VERDADERO;FALSO;FALSO;For Sale (Broker);House for sale;FOR_SALE,
https://www.zillow.com/homedetails/872-Conklin-Rd-Big-Bear-Lake-CA-92315/17385696_zpid/;775100;799000;2999;Not specified;2;4;1728;;SINGLE_FAMILY;872 Conklin Rd;Big Bear Lake;92315;CA;USA;Charis Real Estate;VERDADERO;VERDADERO;FALSO;FALSO;For Sale (Broker);House for sale;FOR_SALE,
https://www.zillow.com/homedetails/426-Eagle-Lake-Dr-Big-Bear-Lake-CA-92315/2091738140_zpid/;1624000;1790000;7020;Not specified;3;5;3527;;SINGLE_FAMILY;426 Eagle Lake Dr;Big Bear Lake;92315;CA;USA;Re/Max Big Bear;FALSO;VERDADERO;FALSO;FALSO;For Sale (Broker);House for sale;FOR_SALE,
https://www.zillow.com/homedetails/41562-Park-Ave-Big-Bear-Lake-CA-92315/17386141_zpid/;629203;649900;2749;Not specified;2;3;1458;;SINGLE_FAMILY;41562 Park Ave;Big Bear Lake;92315;CA;USA;;FALSO;VERDADERO;FALSO;FALSO;For Sale (Broker);House for sale;FOR_SALE,
https://www.zillow.com/homedetails/39209-Big-Bear-Blvd-Big-Bear-Lake-CA-92315/17382983_zpid/;507000;650000;2100;Not specified;2;3;948;;SINGLE_FAMILY;39209 Big Bear Blvd;Big Bear Lake;92315;CA;USA;Jonathan Whitesides, Broker;FALSO;VERDADERO;FALSO;FALSO;For Sale (Broker);House for sale;FOR_SALE
https://www.zillow.com/homedetails/205-Lagunita-Ln-Big-Bear-Lake-CA-92315/17383460_zpid/;3729600;5895000;22993;Not specified;7;7;5734;;SINGLE_FAMILY;205 Lagunita Ln;Big Bear Lake;92315;CA;USA;WHEELER STEFFEN SOTHEBY'S INT.;VERDADERO;VERDADERO;VERDADERO;FALSO;For Sale (Broker);House for sale;FOR_SALE,
https://www.zillow.com/homedetails/871-Elm-St-Big-Bear-Lake-CA-92315/17619865_zpid/;569366;589000;2999;Not specified;2;3;1520;;SINGLE_FAMILY;871 Elm St;Big Bear Lake;92315;CA;USA;Mountain Lake Properties, Inc.;FALSO;VERDADERO;FALSO;FALSO;For Sale (Broker);House for sale;FOR_SALE
https://www.zillow.com/homedetails/42255-Castle-Crag-Rd-Big-Bear-Lake-CA-92315/82910601_zpid/;1410009;1490000;6735;Not specified;4;4;3300;;SINGLE_FAMILY;42255 Castle Crag Rd;Big Bear Lake;92315;CA;USA;Re/Max Big Bear;FALSO;VERDADERO;FALSO;FALSO;For Sale (Broker);House for sale;FOR_SALE,
https://www.zillow.com/homedetails/41941-Evergreen-Dr-Big-Bear-Lake-CA-92315/17618673_zpid/;774500;799900;3129;Not specified;4;4;1970;;SINGLE_FAMILY;41941 Evergreen Dr;Big Bear Lake;92315;CA;USA;Platinum Finance Properties;FALSO;VERDADERO;FALSO;FALSO;For Sale (Broker);House for sale;FOR_SALE,
https://www.zillow.com/homedetails/729-Cove-Dr-Big-Bear-Lake-CA-92315/17382174_zpid/;1125000;1200000;5297;Not specified;3;3;1708;;SINGLE_FAMILY;729 Cove Dr;Big Bear Lake;92315;CA;USA;Re/Max Big Bear;FALSO;VERDADERO;FALSO;FALSO;For Sale (Broker);House for sale;FOR_SALE,
https://www.zillow.com/homedetails/40072-Lakeview-Dr-Big-Bear-Lake-CA-92315/17383424_zpid/;763774;799999;2650;Not specified;3;3;1570;;SINGLE_FAMILY;40072 Lakeview Dr;Big Bear Lake;92315;CA;USA;Compass;VERDADERO;VERDADERO;VERDADERO;FALSO;For Sale (Broker);House for sale;FOR_SALE,
https://www.zillow.com/homedetails/1229-Alpenweg-Dr-Big-Bear-Lake-CA-92315/17620064_zpid/;750000;759500;3141;Not specified;2;3;1880;;SINGLE_FAMILY;1229 Alpenweg Dr;Big Bear Lake;92315;CA;USA;;FALSO;VERDADERO;FALSO;FALSO;For Sale (Broker);House for sale;FOR_SALE,
https://www.zillow.com/homedetails/42538-La-Placida-Ave-Big-Bear-Lake-CA-92315/137976824_zpid/;639900;649900;2314;Not specified;2;3;1119;;SINGLE_FAMILY;42538 La Placida Ave;Big Bear Lake;92315;CA;USA;BHHS CA Properties;FALSO;VERDADERO;FALSO;FALSO;For Sale (Broker);House for sale;FOR_SALE,
https://www.zillow.com/homedetails/580-Talmadge-Rd-Big-Bear-Lake-CA-92315/17384583_zpid/;670200;665000;2878;Not specified;2;3;1646;;SINGLE_FAMILY;580 Talmadge Rd;Big Bear Lake;92315;CA;USA;;FALSO;VERDADERO;FALSO;FALSO;For Sale (Broker);House for sale;FOR_SALE,
https://www.zillow.com/homedetails/430-Gibralter-Rd-Big-Bear-Lake-CA-92315/17384169_zpid/;874900;1199999;4902;Not specified;2;4;1273;;SINGLE_FAMILY;430 Gibralter Rd;Big Bear Lake;92315;CA;USA;Coldwell Banker Realty;FALSO;VERDADERO;FALSO;FALSO;For Sale (Broker);House for sale;FOR_SALE,
https://www.zillow.com/homedetails/42384-Eagle-Ridge-Dr-Big-Bear-Lake-CA-92315/82910647_zpid/;1278260;1400000;5594;Not specified;4;4;3453;;SINGLE_FAMILY;42384 Eagle Ridge Dr;Big Bear Lake;92315;CA;USA;Re/Max Area Experts;FALSO;VERDADERO;FALSO;FALSO;For Sale (Broker);House for sale;FOR_SALE,
https://www.zillow.com/homedetails/441-Santa-Clara-Blvd-Big-Bear-Lake-CA-92315/17619198_zpid/;689500;700000;2999;Not specified;2;3;1746;;SINGLE_FAMILY;441 Santa Clara Blvd;Big Bear Lake;92315;CA;USA;Compass;FALSO;VERDADERO;FALSO;FALSO;For Sale (Broker);House for sale;FOR_SALE,
https://www.zillow.com/homedetails/39179-Chincapin-Rd-Big-Bear-Lake-CA-92315/17382558_zpid/;628333;650000;2999;Not specified;2;4;2160;;SINGLE_FAMILY;39179 Chincapin Rd;Big Bear Lake;92315;CA;USA;Keller Williams Big Bear Lake Arrowhead;FALSO;VERDADERO;FALSO;FALSO;For Sale (Broker);House for sale;FOR_SALE,
https://www.zillow.com/homedetails/193-Lagunita-Ln-Big-Bear-Lake-CA-92315/69002029_zpid/;1851100;1724000;7906;Not specified;5;5;5210;;SINGLE_FAMILY;193 Lagunita Ln;Big Bear Lake;92315;CA;USA;;FALSO;VERDADERO;FALSO;FALSO;For Sale (Broker);House for sale;FOR_SALE,
https://www.zillow.com/homedetails/832-Menlo-Dr-Big-Bear-Lake-CA-92315/17621147_zpid/;1123825;1199900;4837;Not specified;4;5;3087;;SINGLE_FAMILY;832 Menlo Dr;Big Bear Lake;92315;CA;USA;KELLER WILLIAMS BBLA;FALSO;VERDADERO;FALSO;FALSO;For Sale (Broker);House for sale;FOR_SALE,
https://www.zillow.com/homedetails/39996-Glenview-Rd-Big-Bear-Lake-CA-92315/17383988_zpid/;686874;699000;2598;Not specified;3;3;1456;;SINGLE_FAMILY;39996 Glenview Rd;Big Bear Lake;92315;CA;USA;KW Temecula;FALSO;VERDADERO;FALSO;FALSO;For Sale (Broker);House for sale;FOR_SALE,
https://www.zillow.com/homedetails/43128-Moonridge-Rd-Big-Bear-Lake-CA-92315/17386233_zpid/;632100;699950;2999;Not specified;2;3;1548;;SINGLE_FAMILY;43128 Moonridge Rd;Big Bear Lake;92315;CA;USA;;FALSO;VERDADERO;FALSO;FALSO;For Sale (Broker);House for sale;FOR_SALE,
https://www.zillow.com/homedetails/651-Chipmunk-Ln-Big-Bear-Lake-CA-92315/17382876_zpid/;616700;635000;3195;Not specified;3;3;1862;;SINGLE_FAMILY;651 Chipmunk Ln;Big Bear Lake;92315;CA;USA;Excalibur Realty;FALSO;VERDADERO;FALSO;FALSO;For Sale (Broker);House for sale;FOR_SALE,
https://www.zillow.com/homedetails/405-Glenwood-Dr-Big-Bear-Lake-CA-92315/2071906499_zpid/;1810000;1799900;7918;Not specified;6;5;4084;;SINGLE_FAMILY;405 Glenwood Dr;Big Bear Lake;92315;CA;USA;;FALSO;VERDADERO;FALSO;FALSO;New Construction;New construction;FOR_SALE,
https://www.zillow.com/homedetails/154-Lagunita-Ln-Big-Bear-Lake-CA-92315/17383447_zpid/;1152923;1249000;4993;Not specified;2;4;2416;;SINGLE_FAMILY;154 Lagunita Ln;Big Bear Lake;92315;CA;USA;Realty One Group Empire;VERDADERO;VERDADERO;FALSO;FALSO;For Sale (Broker);House for sale;FOR_SALE,
https://www.zillow.com/homedetails/477-Windsong-Pl-Big-Bear-Lake-CA-92315/17389953_zpid/;2002300;1799000;8710;Not specified;4;4;5849;;SINGLE_FAMILY;477 Windsong Pl;Big Bear Lake;92315;CA;USA;;FALSO;VERDADERO;FALSO;FALSO;For Sale (Broker);House for sale;FOR_SALE,
https://www.zillow.com/homedetails/43636-Sheephorn-Rd-Big-Bear-Lake-CA-92315/17621164_zpid/;1383447;1495999;6000;Not specified;7;5;4925;;SINGLE_FAMILY;43636 Sheephorn Rd;Big Bear Lake;92315;CA;USA;VACASA REAL ESTATE;FALSO;VERDADERO;FALSO;FALSO;For Sale (Broker);House for sale;FOR_SALE,
https://www.zillow.com/homedetails/166-Teakwood-Dr-Big-Bear-Lake-CA-92315/17390037_zpid/;931000;995000;4085;Not specified;3;3;2200;;SINGLE_FAMILY;166 Teakwood Dr;Big Bear Lake;92315;CA;USA;Re/Max Area Experts;FALSO;VERDADERO;FALSO;FALSO;For Sale (Broker);House for sale;FOR_SALE,
https://www.zillow.com/homedetails/41770-Tanager-Dr-Big-Bear-Lake-CA-92315/17618233_zpid/;955700;998750;4336;Not specified;4;5;2827;;SINGLE_FAMILY;41770 Tanager Dr;Big Bear Lake;92315;CA;USA;WESTSTAR REAL ESTATE;FALSO;VERDADERO;FALSO;FALSO;For Sale (Broker);House for sale;FOR_SALE,
https://www.zillow.com/homedetails/43555-Sand-Canyon-Rd-Big-Bear-Lake-CA-92315/243183108_zpid/;617207;629000;2499;Not specified;2;3;1340;;SINGLE_FAMILY;43555 Sand Canyon Rd;Big Bear Lake;92315;CA;USA;Compass;FALSO;VERDADERO;FALSO;FALSO;For Sale (Broker);House for sale;FOR_SALE,
https://www.zillow.com/homedetails/42381-Avalon-Rd-Big-Bear-Lake-CA-92315/17619174_zpid/;653905;674999;2929;Not specified;2;3;1440;;SINGLE_FAMILY;42381 Avalon Rd;Big Bear Lake;92315;CA;USA;EXP REALTY OF CALIFORNIA INC.;FALSO;VERDADERO;FALSO;FALSO;For Sale (Broker);House for sale;FOR_SALE,
https://www.zillow.com/homedetails/814-Rayo-Ln-Big-Bear-Lake-CA-92315/17382250_zpid/;718100;749900;2629;Not specified;2;3;1431;;SINGLE_FAMILY;814 Rayo Ln;Big Bear Lake;92315;CA;USA;Ice Realty Group;FALSO;VERDADERO;FALSO;FALSO;For Sale (Broker);House for sale;FOR_SALE,
https://www.zillow.com/homedetails/43869-Mendocino-Dr-Big-Bear-Lake-CA-92315/17387413_zpid/;559200;579900;2199;Not specified;2;3;1120;;SINGLE_FAMILY;43869 Mendocino Dr;Big Bear Lake;92315;CA;USA;RE/MAX Big Bear;FALSO;VERDADERO;FALSO;FALSO;For Sale (Broker);House for sale;FOR_SALE,
https://www.zillow.com/homedetails/39197-Waterview-Dr-Big-Bear-Lake-CA-92315/17382547_zpid/;670500;699995;2834;Not specified;2;3;1700;;SINGLE_FAMILY;39197 Waterview Dr;Big Bear Lake;92315;CA;USA;BRUIN TROJAN REALTORS, INC;FALSO;VERDADERO;FALSO;FALSO;For Sale (Broker);House for sale;FOR_SALE
https://www.zillow.com/homedetails/1646-Tuolomne-Rd-Big-Bear-Lake-CA-92315/69006232_zpid/;860329;899950;3499;Not specified;3;4;2304;;SINGLE_FAMILY;1646 Tuolomne Rd;Big Bear Lake;92315;CA;USA;Homecoin.com;FALSO;VERDADERO;FALSO;FALSO;For Sale (Broker);House for sale;FOR_SALE,
https://www.zillow.com/homedetails/772-Cove-Dr-Big-Bear-Lake-CA-92315/17382242_zpid/;930600;1049000;3093;Not specified;4;4;1800;;SINGLE_FAMILY;772 Cove Dr;Big Bear Lake;92315;CA;USA;Pinnacle Estate Properties;FALSO;VERDADERO;FALSO;FALSO;For Sale (Broker);House for sale;FOR_SALE,
https://www.zillow.com/homedetails/43406-Ridge-Crest-Dr-Big-Bear-Lake-CA-92315/2063388519_zpid/;;1449999;;Not specified;4;3;2663;;SINGLE_FAMILY;43406 Ridge Crest Dr;Big Bear Lake;92315;CA;USA;RE/MAX BIG BEAR;FALSO;VERDADERO;FALSO;FALSO;For Sale (Broker);House for sale;FOR_SALE,
https://www.zillow.com/homedetails/308-Eagle-Dr-Big-Bear-Lake-CA-92315/17385082_zpid/;839755;867500;3858;Not specified;3;3;2264;;SINGLE_FAMILY;308 Eagle Dr;Big Bear Lake;92315;CA;USA;HomeSmart Evergreen Realty;FALSO;VERDADERO;FALSO;FALSO;For Sale (Broker);House for sale;FOR_SALE,
https://www.zillow.com/homedetails/355-Tannenbaum-Dr-Big-Bear-Lake-CA-92315/17620030_zpid/;908080;949900;3984;Not specified;3;4;3604;;SINGLE_FAMILY;355 Tannenbaum Dr;Big Bear Lake;92315;CA;USA;KELLER WILLIAMS BBLA;FALSO;VERDADERO;FALSO;FALSO;For Sale (Broker);House for sale;FOR_SALE,
https://www.zillow.com/homedetails/43040-Sunset-Dr-Big-Bear-Lake-CA-92315/69005442_zpid/;591666;625000;2849;Not specified;2;3;1420;;SINGLE_FAMILY;43040 Sunset Dr;Big Bear Lake;92315;CA;USA;KELLER WILLIAMS BBLA;FALSO;VERDADERO;FALSO;FALSO;For Sale (Broker);House for sale;FOR_SALE,
https://www.zillow.com/homedetails/251-Eagle-Dr-Big-Bear-Lake-CA-92315/17385993_zpid/;;1880000;4800;Not specified;3;3;4227;;SINGLE_FAMILY;251 Eagle Dr;Big Bear Lake;92315;CA;USA;Excellence RE Real Estate;FALSO;VERDADERO;FALSO;FALSO;For Sale (Broker);House for sale;FOR_SALE,
https://www.zillow.com/homedetails/402-Glenwood-Dr-Big-Bear-Lake-CA-92315/17390016_zpid/;1190356;1299000;5159;Not specified;3;5;3819;;SINGLE_FAMILY;402 Glenwood Dr;Big Bear Lake;92315;CA;USA;KELLER WILLIAMS BBLA;FALSO;VERDADERO;FALSO;FALSO;For Sale (Broker);House for sale;FOR_SALE,
https://www.zillow.com/homedetails/801-Cameron-Dr-Big-Bear-Lake-CA-92315/17384788_zpid/;857851;895000;2999;Not specified;2;3;1850;;SINGLE_FAMILY;801 Cameron Dr;Big Bear Lake;92315;CA;USA;InvestorsAlly Realty;FALSO;VERDADERO;FALSO;FALSO;For Sale (Broker);House for sale;FOR_SALE,
https://www.zillow.com/homedetails/41829-Switzerland-Dr-Big-Bear-Lake-CA-92315/17618482_zpid/;1793804;1899900;8127;Not specified;7;6;3792;;SINGLE_FAMILY;41829 Switzerland Dr;Big Bear Lake;92315;CA;USA;MICHEL HARB, BROKER;FALSO;VERDADERO;FALSO;FALSO;For Sale (Broker);House for sale;FOR_SALE
https://www.zillow.com/homedetails/370-Starlight-Cir-Big-Bear-Lake-CA-92315/2125181305_zpid/;1725900;1749000;4175;Not specified;4;4;3285;;SINGLE_FAMILY;370 Starlight Cir;Big Bear Lake;92315;CA;USA;;FALSO;VERDADERO;FALSO;FALSO;New Construction;New construction;FOR_SALE,
https://www.zillow.com/homedetails/351-Glenwood-Dr-Big-Bear-Lake-CA-92315/69002127_zpid/;1231600;1549000;6179;Not specified;5;6;3700;;SINGLE_FAMILY;351 Glenwood Dr;Big Bear Lake;92315;CA;USA;;FALSO;VERDADERO;FALSO;FALSO;For Sale (Broker);House for sale;FOR_SALE,
https://www.zillow.com/homedetails/0-Cienega-Rd-Big-Bear-Lake-CA-92315/2086077345_zpid/;;975000;2440;Not specified;2;4;1516;;SINGLE_FAMILY;0 Cienega Rd;Big Bear Lake;92315;CA;USA;Mark 1 Real Estate, Inc.;FALSO;VERDADERO;FALSO;FALSO;For Sale (Broker);House for sale;FOR_SALE
https://www.zillow.com/homedetails/316-Maple-Ridge-Dr-Big-Bear-City-CA-92314/122900351_zpid/;614000;670000;3750;Not specified;3;3;2122;;SINGLE_FAMILY;316 Maple Ridge Dr;Big Bear City;92314;CA;USA;Compass;FALSO;VERDADERO;FALSO;FALSO;For Sale (Broker);House for sale;FOR_SALE,
https://www.zillow.com/homedetails/1113-Michael-Ave-Big-Bear-City-CA-92314/137657040_zpid/;533300;649000;2999;Not specified;3;4;1975;;SINGLE_FAMILY;1113 Michael Ave;Big Bear City;92314;CA;USA;Active Realty;FALSO;VERDADERO;FALSO;FALSO;For Sale (Broker);House for sale;FOR_SALE,
https://www.zillow.com/homedetails/919-Robinhood-Blvd-Big-Bear-City-CA-92314/17388208_zpid/;470600;539000;2300;Not specified;2;3;1185;;SINGLE_FAMILY;919 Robinhood Blvd;Big Bear City;92314;CA;USA;Compass;FALSO;VERDADERO;FALSO;FALSO;For Sale (Broker);House for sale;FOR_SALE,
https://www.zillow.com/homedetails/824-Raleigh-Dr-Big-Bear-City-CA-92314/17389765_zpid/;632272;650000;2990;Not specified;2;3;1686;;SINGLE_FAMILY;824 Raleigh Dr;Big Bear City;92314;CA;USA;KELLER WILLIAMS BBLA;FALSO;VERDADERO;FALSO;FALSO;For Sale (Broker);House for sale;FOR_SALE,
https://www.zillow.com/homedetails/1000-Willow-Ln-Big-Bear-City-CA-92314/17394635_zpid/;575001;575000;2996;Not specified;2;3;1850;;SINGLE_FAMILY;1000 Willow Ln;Big Bear City;92314;CA;USA;Century 21 Peak;FALSO;VERDADERO;FALSO;FALSO;For Sale (Broker);House for sale;FOR_SALE,
https://www.zillow.com/homedetails/913-Mount-Doble-Dr-Big-Bear-City-CA-92314/17391930_zpid/;;479900;2808;Not specified;2;3;1456;;SINGLE_FAMILY;913 Mount Doble Dr;Big Bear City;92314;CA;USA;Re/Max Area Experts;FALSO;VERDADERO;FALSO;FALSO;For Sale (Broker);House for sale;FOR_SALE,
https://www.zillow.com/homedetails/281-Pine-Ln-Big-Bear-City-CA-92314/64438463_zpid/;525000;525000;3499;Not specified;3;3;1954;;SINGLE_FAMILY;281 Pine Ln;Big Bear City;92314;CA;USA;Century 21 Wright;FALSO;VERDADERO;FALSO;FALSO;For Sale (Broker);House for sale;FOR_SALE,
https://www.zillow.com/homedetails/701-Villa-Grove-Ave-Big-Bear-City-CA-92314/17621283_zpid/;599000;599000;2999;Not specified;2;4;1443;;SINGLE_FAMILY;701 Villa Grove Ave;Big Bear City;92314;CA;USA;Re/Max Big Bear;FALSO;VERDADERO;FALSO;FALSO;For Sale (Broker);House for sale;FOR_SALE,
https://www.zillow.com/homedetails/1526-Monte-Vista-Dr-Big-Bear-City-CA-92314/17392597_zpid/;418057;419000;2728;Not specified;2;3;1428;;SINGLE_FAMILY;1526 Monte Vista Dr;Big Bear City;92314;CA;USA;KELLER WILLIAMS BBLA;FALSO;VERDADERO;FALSO;FALSO;For Sale (Broker);House for sale;FOR_SALE,
https://www.zillow.com/homedetails/1281-Minton-Dr-Big-Bear-City-CA-92314/17621310_zpid/;498800;499000;2600;Not specified;2;3;1128;;SINGLE_FAMILY;1281 Minton Dr;Big Bear City;92314;CA;USA;;FALSO;VERDADERO;FALSO;FALSO;For Sale (Broker);House for sale;FOR_SALE,
https://www.zillow.com/homedetails/1635-Shenandoah-Way-Big-Bear-City-CA-92314/2061680040_zpid/;1436140;1535000;;Not specified;4;3;2936;;SINGLE_FAMILY;1635 Shenandoah Way;Big Bear City;92314;CA;USA;ALL STAR REALTY;FALSO;VERDADERO;FALSO;FALSO;New Construction;New construction;FOR_SALE,
https://www.zillow.com/homedetails/1130-Rocky-Mountain-Rd-Big-Bear-City-CA-92314/2069762567_zpid/;939300;965000;;Not specified;2;3;2425;;SINGLE_FAMILY;1130 Rocky Mountain Rd;Big Bear City;92314;CA;USA;KELLER WILLIAMS BBLA;FALSO;VERDADERO;FALSO;FALSO;New Construction;New construction;FOR_SALE,
https://www.zillow.com/homedetails/277-Greenspot-Blvd-Big-Bear-City-CA-92314/2070206905_zpid/;498900;499000;2699;Not specified;3;3;1344;;SINGLE_FAMILY;277 Greenspot Blvd;Big Bear City;92314;CA;USA;COLDWELL BANKER SKY RIDGE RLTY;FALSO;VERDADERO;FALSO;FALSO;For Sale (Broker);House for sale;FOR_SALE,
https://www.zillow.com/homedetails/305-Lookout-Dr-Big-Bear-City-CA-92314/137654762_zpid/;876523;900000;4500;Not specified;2;3;2758;;SINGLE_FAMILY;305 Lookout Dr;Big Bear City;92314;CA;USA;;FALSO;VERDADERO;FALSO;FALSO;For Sale (Broker);House for sale;FOR_SALE,
https://www.zillow.com/homedetails/329-E-Sherwood-Blvd-Big-Bear-City-CA-92314/82915889_zpid/;490500;630000;2999;Not specified;2;3;1689;;SINGLE_FAMILY;329 E Sherwood Blvd;Big Bear City;92314;CA;USA;Rodeo Realty;FALSO;VERDADERO;FALSO;FALSO;For Sale (Broker);House for sale;FOR_SALE,
https://www.zillow.com/homedetails/369-Greenspot-Blvd-Big-Bear-City-CA-92314/2070007559_zpid/;464900;380000;;Not specified;2;3;1322;;SINGLE_FAMILY;369 Greenspot Blvd;Big Bear City;92314;CA;USA;Harcourts Prime Properties;FALSO;VERDADERO;FALSO;FALSO;Unknown Listed By;Auction;FOR_SALE,
https://www.zillow.com/homedetails/1009-Heritage-Trl-Big-Bear-City-CA-92314/64824461_zpid/;963217;1010000;4113;Not specified;2;4;2334;;SINGLE_FAMILY;1009 Heritage Trl;Big Bear City;92314;CA;USA;RE/MAX Big Bear;FALSO;VERDADERO;FALSO;FALSO;For Sale (Broker);House for sale;FOR_SALE,
https://www.zillow.com/homedetails/1194-Alameda-Ct-Big-Bear-City-CA-92314/2067030377_zpid/;;1100000;;Not specified;3;4;2421;;SINGLE_FAMILY;1194 Alameda Ct;Big Bear City;92314;CA;USA;KELLER WILLIAMS BBLA;FALSO;VERDADERO;FALSO;FALSO;New Construction;New construction;FOR_SALE,
https://www.zillow.com/homedetails/1658-Tuolumne-Rd-Big-Bear-City-CA-92314/2070298628_zpid/;1799652;1900000;1950;Not specified;6;5;4400;;SINGLE_FAMILY;1658 Tuolumne Rd;Big Bear City;92314;CA;USA;KELLER WILLIAMS BBLA;FALSO;VERDADERO;FALSO;FALSO;New Construction;New construction;FOR_SALE,
https://www.zillow.com/homedetails/1242-Panorama-Dr-Big-Bear-City-CA-92314/243182413_zpid/;637891;655000;3696;Not specified;3;3;2111;;SINGLE_FAMILY;1242 Panorama Dr;Big Bear City;92314;CA;USA;Re/Max Area Experts;FALSO;VERDADERO;FALSO;FALSO;For Sale (Broker);House for sale;FOR_SALE,
https://www.zillow.com/homedetails/46125-Vale-Dr-Big-Bear-City-CA-92314/17392574_zpid/;851800;950000;3658;Not specified;3;5;3108;;SINGLE_FAMILY;46125 Vale Dr;Big Bear City;92314;CA;USA;Tiempo Realty;FALSO;VERDADERO;FALSO;FALSO;For Sale (Broker);House for sale;FOR_SALE,
https://www.zillow.com/homedetails/764-Panamint-Mountain-Dr-Big-Bear-City-CA-92314/17392281_zpid/;537945;549900;2999;Not specified;3;4;1636;;SINGLE_FAMILY;764 Panamint Mountain Dr;Big Bear City;92314;CA;USA;Keller Williams Realty;FALSO;VERDADERO;FALSO;FALSO;For Sale (Broker);House for sale;FOR_SALE,
https://www.zillow.com/homedetails/1048-Hemlock-Ln-Big-Bear-City-CA-92314/17394591_zpid/;634900;649000;3127;Not specified;3;4;1974;;SINGLE_FAMILY;1048 Hemlock Ln;Big Bear City;92314;CA;USA;Bruin Trojan Realtors, Inc.;FALSO;VERDADERO;FALSO;FALSO;For Sale (Broker);House for sale;FOR_SALE
https://www.zillow.com/homedetails/1842-Baldwin-Lake-Rd-Big-Bear-City-CA-92314/82894140_zpid/;493900;495000;3069;Not specified;3;3;1807;;SINGLE_FAMILY;1842 Baldwin Lake Rd;Big Bear City;92314;CA;USA;Compass;FALSO;VERDADERO;FALSO;FALSO;For Sale (Broker);House for sale;FOR_SALE,
https://www.zillow.com/homedetails/1185-Mitchell-Ln-Big-Bear-City-CA-92314/17393999_zpid/;936576;960000;4800;Not specified;3;4;3415;;SINGLE_FAMILY;1185 Mitchell Ln;Big Bear City;92314;CA;USA;eXp Realty of California Inc;FALSO;VERDADERO;FALSO;FALSO;For Sale (Broker);House for sale;FOR_SALE,
https://www.zillow.com/homedetails/666-Butte-Ave-Big-Bear-City-CA-92314/17621329_zpid/;804600;824888;3073;Not specified;3;4;2012;;SINGLE_FAMILY;666 Butte Ave;Big Bear City;92314;CA;USA;;VERDADERO;VERDADERO;FALSO;FALSO;For Sale (Broker);House for sale;FOR_SALE,
https://www.zillow.com/homedetails/1526-Malabar-Way-Big-Bear-City-CA-92314/17393456_zpid/;376000;409000;2228;Not specified;1;3;1188;;SINGLE_FAMILY;1526 Malabar Way;Big Bear City;92314;CA;USA;Re/Max Big Bear;FALSO;VERDADERO;FALSO;FALSO;For Sale (Broker);House for sale;FOR_SALE,
https://www.zillow.com/homedetails/929-Myrtle-Ave-Big-Bear-City-CA-92314/17391386_zpid/;684700;697000;3421;Not specified;3;4;1945;;SINGLE_FAMILY;929 Myrtle Ave;Big Bear City;92314;CA;USA;William Johnson, Broker;FALSO;VERDADERO;FALSO;FALSO;For Sale (Broker);House for sale;FOR_SALE
https://www.zillow.com/homedetails/2149-1st-Ln-Big-Bear-City-CA-92314/17394147_zpid/;289000;289000;2028;Not specified;2;3;903;;SINGLE_FAMILY;2149 1st Ln;Big Bear City;92314;CA;USA;Re/Max Big Bear;FALSO;VERDADERO;FALSO;FALSO;For Sale (Broker);House for sale;FOR_SALE,
https://www.zillow.com/homedetails/1416-Klamath-Rd-Big-Bear-City-CA-92314/17387597_zpid/;677600;699900;2999;Not specified;2;3;1600;;SINGLE_FAMILY;1416 Klamath Rd;Big Bear City;92314;CA;USA;KELLER WILLIAMS BBLA;FALSO;VERDADERO;FALSO;FALSO;For Sale (Broker);House for sale;FOR_SALE,
https://www.zillow.com/homedetails/46647-Arastre-Rd-Big-Bear-City-CA-92314/17392716_zpid/;1171624;1275000;4886;Not specified;4;4;4575;;SINGLE_FAMILY;46647 Arastre Rd;Big Bear City;92314;CA;USA;JOHN COTOI BROKER;FALSO;VERDADERO;FALSO;FALSO;For Sale (Broker);House for sale;FOR_SALE,
https://www.zillow.com/homedetails/1020-Whispering-Forest-Dr-Big-Bear-City-CA-92314/17392307_zpid/;770873;794000;3406;Not specified;3;3;1973;;SINGLE_FAMILY;1020 Whispering Forest Dr;Big Bear City;92314;CA;USA;KASE Real Estate;FALSO;VERDADERO;FALSO;FALSO;For Sale (Broker);House for sale;FOR_SALE,
https://www.zillow.com/homedetails/46895-Estacia-Rd-Big-Bear-City-CA-92314/69002204_zpid/;815376;849900;4500;Not specified;3;3;2698;;SINGLE_FAMILY;46895 Estacia Rd;Big Bear City;92314;CA;USA;KELLER WILLIAMS BBLA;FALSO;VERDADERO;FALSO;FALSO;For Sale (Broker);House for sale;FOR_SALE,
https://www.zillow.com/homedetails/1125-W-Big-Bear-Blvd-Big-Bear-City-CA-92314/17387862_zpid/;933153;949000;4320;Not specified;4;4;2062;;SINGLE_FAMILY;1125 W Big Bear Blvd;Big Bear City;92314;CA;USA;KELLER WILLIAMS BBLA;FALSO;VERDADERO;FALSO;FALSO;For Sale (Broker);House for sale;FOR_SALE,
https://www.zillow.com/homedetails/1027-Heritage-Trl-Big-Bear-City-CA-92314/64598627_zpid/;1804200;2289000;7545;Not specified;10;6;6534;;SINGLE_FAMILY;1027 Heritage Trl;Big Bear City;92314;CA;USA;;FALSO;VERDADERO;FALSO;FALSO;For Sale (Broker);House for sale;FOR_SALE,
https://www.zillow.com/homedetails/109-Palomino-Dr-Big-Bear-City-CA-92314/17393567_zpid/;1166674;1250000;4187;Not specified;4;4;3894;;SINGLE_FAMILY;109 Palomino Dr;Big Bear City;92314;CA;USA;KELLER WILLIAMS BBLA;FALSO;VERDADERO;FALSO;FALSO;For Sale (Broker);House for sale;FOR_SALE,
https://www.zillow.com/homedetails/1331-La-Crescenta-Dr-Big-Bear-City-CA-92314/17621494_zpid/;631276;645000;2999;Not specified;3;3;1829;;SINGLE_FAMILY;1331 La Crescenta Dr;Big Bear City;92314;CA;USA;Keller Williams Big Bear Lake Arrowhead;FALSO;VERDADERO;FALSO;FALSO;For Sale (Broker);House for sale;FOR_SALE,
https://www.zillow.com/homedetails/160-Yosemite-Dr-Big-Bear-City-CA-92314/17387532_zpid/;1044000;1100000;4411;Not specified;3;4;3478;;SINGLE_FAMILY;160 Yosemite Dr;Big Bear City;92314;CA;USA;Compass;VERDADERO;VERDADERO;FALSO;FALSO;For Sale (Broker);House for sale;FOR_SALE,
https://www.zillow.com/homedetails/449-E-Barker-Blvd-Big-Bear-City-CA-92314/17390686_zpid/;531951;550000;2350;Not specified;2;3;1214;;SINGLE_FAMILY;449 E Barker Blvd;Big Bear City;92314;CA;USA;Compass;FALSO;VERDADERO;FALSO;FALSO;For Sale (Broker);House for sale;FOR_SALE,
https://www.zillow.com/homedetails/1037-Van-Dusen-Canyon-Rd-Big-Bear-City-CA-92314/2061908495_zpid/;;599000;;Not specified;2;3;1800;;SINGLE_FAMILY;1037 Van Dusen Canyon Rd;Big Bear City;92314;CA;USA;RE/MAX Big Bear;FALSO;VERDADERO;FALSO;FALSO;For Sale (Broker);House for sale;FOR_SALE,
https://www.zillow.com/homedetails/42539-Bear-Loop-Big-Bear-City-CA-92314/79558834_zpid/;1132327;1226688;5114;Not specified;5;5;3626;;SINGLE_FAMILY;42539 Bear Loop;Big Bear City;92314;CA;USA;KELLER WILLIAMS BBLA;FALSO;VERDADERO;FALSO;FALSO;For Sale (Broker);House for sale;FOR_SALE,
https://www.zillow.com/homedetails/1112-Cedar-Mountain-Rd-Big-Bear-City-CA-92314/17392424_zpid/;711600;725000;3349;Not specified;3;4;2830;;SINGLE_FAMILY;1112 Cedar Mountain Rd;Big Bear City;92314;CA;USA;Compass;FALSO;VERDADERO;FALSO;FALSO;For Sale (Broker);House for sale;FOR_SALE,
https://www.zillow.com/homedetails/1033-Heritage-Trl-Big-Bear-City-CA-92314/69006490_zpid/;1771560;1950000;7723;Not specified;5;5;4188;;SINGLE_FAMILY;1033 Heritage Trl;Big Bear City;92314;CA;USA;Re/Max Area Experts;FALSO;VERDADERO;FALSO;FALSO;For Sale (Broker);House for sale;FOR_SALE,
https://www.zillow.com/homedetails/2047-7th-Ln-Big-Bear-City-CA-92314/2061678562_zpid/;323300;349000;;Not specified;1;3;840;;SINGLE_FAMILY;2047 7th Ln;Big Bear City;92314;CA;USA;;FALSO;VERDADERO;FALSO;FALSO;For Sale (Broker);House for sale;FOR_SALE,
https://www.zillow.com/homedetails/2111-7th-Ln-Big-Bear-City-CA-92314/17394001_zpid/;768356;799000;3196;Not specified;2;3;2304;;SINGLE_FAMILY;2111 7th Ln;Big Bear City;92314;CA;USA;Beverly and Company, Inc.;FALSO;VERDADERO;FALSO;FALSO;For Sale (Broker);House for sale;FOR_SALE
https://www.zillow.com/homedetails/1690-Cascade-Rd-Big-Bear-City-CA-92314/82920053_zpid/;1081411;1149000;4641;Not specified;4;3;2803;;SINGLE_FAMILY;1690 Cascade Rd;Big Bear City;92314;CA;USA;WHEELER STEFFEN SOTHEBY'S INT.;FALSO;VERDADERO;FALSO;FALSO;For Sale (Broker);House for sale;FOR_SALE,
https://www.zillow.com/homedetails/46242-Curvate-Dr-Big-Bear-City-CA-92314/79561031_zpid/;711219;729000;3634;Not specified;3;4;2768;;SINGLE_FAMILY;46242 Curvate Dr;Big Bear City;92314;CA;USA;Oasis Realty Group Inc.;FALSO;VERDADERO;FALSO;FALSO;For Sale (Broker);House for sale;FOR_SALE,
https://www.zillow.com/homedetails/1150-Valley-View-Dr-Big-Bear-City-CA-92314/125111189_zpid/;624781;634000;3399;Not specified;2;3;2264;;SINGLE_FAMILY;1150 Valley View Dr;Big Bear City;92314;CA;USA;STRATEGY REALTY;FALSO;VERDADERO;FALSO;FALSO;For Sale (Broker);House for sale;FOR_SALE,
https://www.zillow.com/homedetails/350-Brewer-Way-Big-Bear-City-CA-92314/17393450_zpid/;640491;659900;3858;Not specified;3;5;2208;;SINGLE_FAMILY;350 Brewer Way;Big Bear City;92314;CA;USA;VIP Real Estate Firm;FALSO;VERDADERO;FALSO;FALSO;For Sale (Broker);House for sale;FOR_SALE,
https://www.zillow.com/homedetails/1640-Shenandoah-Way-Big-Bear-City-CA-92314/2062551397_zpid/;1918200;2099999;9797;Not specified;5;6;4668;;SINGLE_FAMILY;1640 Shenandoah Way;Big Bear City;92314;CA;USA;RE/MAX BIG BEAR;FALSO;VERDADERO;FALSO;FALSO;New Construction;New construction;FOR_SALE,
https://www.zillow.com/homedetails/236-Greenspot-Blvd-Big-Bear-City-CA-92314/2070275109_zpid/;;549900;;Not specified;2;3;1440;;SINGLE_FAMILY;236 Greenspot Blvd;Big Bear City;92314;CA;USA;KELLER WILLIAMS SIGNATURE RLTY;FALSO;VERDADERO;FALSO;FALSO;For Sale (Broker);House for sale;FOR_SALE,
https://www.zillow.com/homedetails/998-Feather-Mountain-Dr-Big-Bear-City-CA-92314/17392260_zpid/;991400;1050000;4214;Not specified;6;8;6200;;SINGLE_FAMILY;998 Feather Mountain Dr;Big Bear City;92314;CA;USA;Re/Max Area Experts;FALSO;VERDADERO;FALSO;FALSO;For Sale (Broker);House for sale;FOR_SALE,
https://www.zillow.com/homedetails/433-Eton-Ln-Big-Bear-City-CA-92314/17389801_zpid/;724838;749000;3298;Not specified;3;3;1716;;SINGLE_FAMILY;433 Eton Ln;Big Bear City;92314;CA;USA;First Team Real Estate;FALSO;VERDADERO;FALSO;FALSO;For Sale (Broker);House for sale;FOR_SALE,
https://www.zillow.com/homedetails/400-San-Martin-St-Big-Bear-City-CA-92314/17393613_zpid/;445500;449500;2484;Not specified;2;3;1326;;SINGLE_FAMILY;400 San Martin St;Big Bear City;92314;CA;USA;;FALSO;VERDADERO;FALSO;FALSO;For Sale (Broker);House for sale;FOR_SALE,
https://www.zillow.com/homedetails/912-Bear-Mountain-Rd-Big-Bear-City-CA-92314/17392341_zpid/;535400;624900;2778;Not specified;2;3;1420;;SINGLE_FAMILY;912 Bear Mountain Rd;Big Bear City;92314;CA;USA;;FALSO;VERDADERO;FALSO;FALSO;For Sale (Broker);House for sale;FOR_SALE,
https://www.zillow.com/homedetails/512-Bernhardt-Ln-Big-Bear-City-CA-92314/2078835915_zpid/;634900;699900;3206;Not specified;2;3;1832;;SINGLE_FAMILY;512 Bernhardt Ln;Big Bear City;92314;CA;USA;;FALSO;VERDADERO;FALSO;FALSO;New Construction;New construction;FOR_SALE,
